make|model|sales
Maruti Suzuki|Grand Vitara|{'Aug 22': 0, 'Aug 23': 11818, 'Dec 22': 6171, 'Dec 23': 6988, 'Feb 23': 9183, 'Feb 24': 11002, 'Jan 23': 8662, 'Jan 24': 13438, 'Jul 22': 0, 'Jul 23': 9079, 'Jun 22': 0, 'Jun 23': 10486, 'Mar 23': 10045, 'Mar 24': 11232, 'May 22': 0, 'May 23': 8877, 'Nov 22': 4433, 'Nov 23': 7937, 'Oct 22': 8052, 'Oct 23': 10834, 'Sep 22': 4769, 'Sep 23': 11736}
Maruti Suzuki|Celerio|{'Aug 22': 5852, 'Aug 23': 4038, 'Dec 22': 1090, 'Dec 23': 247, 'Feb 23': 4458, 'Feb 24': 3586, 'Jan 23': 3418, 'Jan 24': 4406, 'Jul 22': 6854, 'Jul 23': 2893, 'Jun 22': 8683, 'Jun 23': 3399, 'Mar 23': 4646, 'Mar 24': 3478, 'May 22': 6398, 'May 23': 3216, 'Nov 22': 2483, 'Nov 23': 2215, 'Oct 22': 4296, 'Oct 23': 4317, 'Sep 22': 5390, 'Sep 23': 3246}
Maruti Suzuki|Baleno|{'Aug 22': 18418, 'Aug 23': 18516, 'Dec 22': 16932, 'Dec 23': 10669, 'Feb 23': 18592, 'Feb 24': 17517, 'Jan 23': 16357, 'Jan 24': 19630, 'Jul 22': 17960, 'Jul 23': 16725, 'Jun 22': 16103, 'Jun 23': 14077, 'Mar 23': 16168, 'Mar 24': 15588, 'May 22': 13970, 'May 23': 18733, 'Nov 22': 20945, 'Nov 23': 12961, 'Oct 22': 17149, 'Oct 23': 16594, 'Sep 22': 19369, 'Sep 23': 18417}
Maruti Suzuki|S-Presso|{'Aug 22': 7774, 'Aug 23': 2606, 'Dec 22': 1117, 'Dec 23': 60, 'Feb 23': 3761, 'Feb 24': 3059, 'Jan 23': 4035, 'Jan 24': 3454, 'Jul 22': 11268, 'Jul 23': 2491, 'Jun 22': 652, 'Jun 23': 2731, 'Mar 23': 2443, 'Mar 24': 2497, 'May 22': 4475, 'May 23': 2868, 'Nov 22': 2588, 'Nov 23': 1883, 'Oct 22': 3676, 'Oct 23': 3368, 'Sep 22': 4730, 'Sep 23': 2560}
Maruti Suzuki|Alto K10|{'Aug 22': None, 'Aug 23': None, 'Dec 22': None, 'Dec 23': None, 'Feb 23': None, 'Feb 24': None, 'Jan 23': None, 'Jan 24': None, 'Jul 22': None, 'Jul 23': None, 'Jun 22': None, 'Jun 23': None, 'Mar 23': None, 'Mar 24': None, 'May 22': None, 'May 23': None, 'Nov 22': None, 'Nov 23': None, 'Oct 22': None, 'Oct 23': None, 'Sep 22': None, 'Sep 23': None}
Maruti Suzuki|Dzire|{'Aug 22': 11868, 'Aug 23': 13293, 'Dec 22': 11997, 'Dec 23': 14012, 'Feb 23': 16798, 'Feb 24': 15837, 'Jan 23': 11317, 'Jan 24': 16773, 'Jul 22': 13747, 'Jul 23': 13395, 'Jun 22': 12597, 'Jun 23': 9322, 'Mar 23': 13394, 'Mar 24': 15894, 'May 22': 11603, 'May 23': 11315, 'Nov 22': 14456, 'Nov 23': 15965, 'Oct 22': 12321, 'Oct 23': 14699, 'Sep 22': 9601, 'Sep 23': 13880}
Maruti Suzuki|Ertiga|{'Aug 22': 9314, 'Aug 23': 12315, 'Dec 22': 12273, 'Dec 23': 12975, 'Feb 23': 6472, 'Feb 24': 15519, 'Jan 23': 9750, 'Jan 24': 14632, 'Jul 22': 9694, 'Jul 23': 14352, 'Jun 22': 10423, 'Jun 23': 8422, 'Mar 23': 9028, 'Mar 24': 14888, 'May 22': 12226, 'May 23': 10528, 'Nov 22': 13818, 'Nov 23': 12857, 'Oct 22': 10494, 'Oct 23': 14209, 'Sep 22': 9299, 'Sep 23': 13528}
Maruti Suzuki|Swift|{'Aug 22': 11275, 'Aug 23': 18653, 'Dec 22': 12061, 'Dec 23': 11843, 'Feb 23': 18412, 'Feb 24': 13165, 'Jan 23': 16440, 'Jan 24': 15370, 'Jul 22': 17539, 'Jul 23': 17896, 'Jun 22': 16213, 'Jun 23': 15955, 'Mar 23': 17559, 'Mar 24': 15728, 'May 22': 14133, 'May 23': 17346, 'Nov 22': 15153, 'Nov 23': 15311, 'Oct 22': 17231, 'Oct 23': 20598, 'Sep 22': 11988, 'Sep 23': 14703}
Maruti Suzuki|XL6|{'Aug 22': 2425, 'Aug 23': 4184, 'Dec 22': 3364, 'Dec 23': 2226, 'Feb 23': 2108, 'Feb 24': 4093, 'Jan 23': 2582, 'Jan 24': 4363, 'Jul 22': 3870, 'Jul 23': 4320, 'Jun 22': 3336, 'Jun 23': 2856, 'Mar 23': 1754, 'Mar 24': 4505, 'May 22': 4085, 'May 23': 3577, 'Nov 22': 2988, 'Nov 23': 3472, 'Oct 22': 2484, 'Oct 23': 4367, 'Sep 22': 3061, 'Sep 23': 4511}
Maruti Suzuki|Brezza|{'Aug 22': None, 'Aug 23': None, 'Dec 22': None, 'Dec 23': None, 'Feb 23': None, 'Feb 24': None, 'Jan 23': None, 'Jan 24': None, 'Jul 22': None, 'Jul 23': None, 'Jun 22': None, 'Jun 23': None, 'Mar 23': None, 'Mar 24': None, 'May 22': None, 'May 23': None, 'Nov 22': None, 'Nov 23': None, 'Oct 22': None, 'Oct 23': None, 'Sep 22': None, 'Sep 23': None}
Maruti Suzuki|Wagon R|{'Aug 22': 18398, 'Aug 23': 15578, 'Dec 22': 10181, 'Dec 23': 8578, 'Feb 23': 16889, 'Feb 24': 19412, 'Jan 23': 20466, 'Jan 24': 17756, 'Jul 22': 22588, 'Jul 23': 12970, 'Jun 22': 19190, 'Jun 23': 17481, 'Mar 23': 17305, 'Mar 24': 16368, 'May 22': 16814, 'May 23': 16258, 'Nov 22': 14720, 'Nov 23': 16567, 'Oct 22': 17945, 'Oct 23': 22080, 'Sep 22': 20078, 'Sep 23': 16250}
Maruti Suzuki|Jimny|{'Aug 22': 0, 'Aug 23': 3104, 'Dec 22': 0, 'Dec 23': 730, 'Feb 23': 0, 'Feb 24': 322, 'Jan 23': 0, 'Jan 24': 163, 'Jul 22': 0, 'Jul 23': 3778, 'Jun 22': 0, 'Jun 23': 3071, 'Mar 23': 0, 'Mar 24': 318, 'May 22': None, 'May 23': None, 'Nov 22': 0, 'Nov 23': 1020, 'Oct 22': 0, 'Oct 23': 1852, 'Sep 22': 0, 'Sep 23': 2651}
Hyundai|Verna|{'Aug 22': 1734, 'Aug 23': 2576, 'Dec 22': 1538, 'Dec 23': 712, 'Feb 23': 47, 'Feb 24': 1680, 'Jan 23': 995, 'Jan 24': 2172, 'Jul 22': 1870, 'Jul 23': 2858, 'Jun 22': 1703, 'Jun 23': 4001, 'Mar 23': 3755, 'Mar 24': 1716, 'May 22': 1488, 'May 23': 3687, 'Nov 22': 2025, 'Nov 23': 1701, 'Oct 22': 2179, 'Oct 23': 2313, 'Sep 22': 1654, 'Sep 23': 2610}
Hyundai|Aura|{'Aug 22': 4378, 'Aug 23': 4892, 'Dec 22': 4156, 'Dec 23': 3812, 'Feb 23': 5524, 'Feb 24': 5053, 'Jan 23': 4634, 'Jan 24': 5516, 'Jul 22': 4018, 'Jul 23': 4514, 'Jun 22': 4102, 'Jun 23': 4907, 'Mar 23': 3774, 'Mar 24': 4883, 'May 22': 3311, 'May 23': 4707, 'Nov 22': 3813, 'Nov 23': 3850, 'Oct 22': 4248, 'Oct 23': 4096, 'Sep 22': 4239, 'Sep 23': 3900}
Hyundai|Grand i10 Nios|{'Aug 22': None, 'Aug 23': None, 'Dec 22': None, 'Dec 23': None, 'Feb 23': None, 'Feb 24': None, 'Jan 23': None, 'Jan 24': None, 'Jul 22': None, 'Jul 23': None, 'Jun 22': None, 'Jun 23': None, 'Mar 23': None, 'Mar 24': None, 'May 22': None, 'May 23': None, 'Nov 22': None, 'Nov 23': None, 'Oct 22': None, 'Oct 23': None, 'Sep 22': None, 'Sep 23': None}
Maruti Suzuki|Ciaz|{'Aug 22': 1516, 'Aug 23': 849, 'Dec 22': 1154, 'Dec 23': 489, 'Feb 23': 792, 'Feb 24': 481, 'Jan 23': 1000, 'Jan 24': 363, 'Jul 22': 1379, 'Jul 23': 1348, 'Jun 22': 1507, 'Jun 23': 1744, 'Mar 23': 300, 'Mar 24': 590, 'May 22': 586, 'May 23': 992, 'Nov 22': 1554, 'Nov 23': 278, 'Oct 22': 1884, 'Oct 23': 695, 'Sep 22': 1359, 'Sep 23': 1491}
Hyundai|Exter|{'Aug 22': 0, 'Aug 23': 7430, 'Dec 22': 0, 'Dec 23': 7516, 'Feb 23': 0, 'Feb 24': 7582, 'Jan 23': 0, 'Jan 24': 8229, 'Jul 22': 0, 'Jul 23': 7000, 'Jun 22': None, 'Jun 23': None, 'Mar 23': 0, 'Mar 24': 8475, 'May 22': None, 'May 23': None, 'Nov 22': 0, 'Nov 23': 8325, 'Oct 22': 0, 'Oct 23': 8097, 'Sep 22': 0, 'Sep 23': 8647}
Hyundai|Creta N Line|{'Aug 22': None, 'Aug 23': None, 'Dec 22': None, 'Dec 23': None, 'Feb 23': None, 'Feb 24': None, 'Jan 23': None, 'Jan 24': None, 'Jul 22': None, 'Jul 23': None, 'Jun 22': None, 'Jun 23': None, 'Mar 23': None, 'Mar 24': None, 'May 22': None, 'May 23': None, 'Nov 22': None, 'Nov 23': None, 'Oct 22': None, 'Oct 23': None, 'Sep 22': None, 'Sep 23': None}
Hyundai|Tucson|{'Aug 22': 343, 'Aug 23': 236, 'Dec 22': 12, 'Dec 23': 209, 'Feb 23': 498, 'Feb 24': 157, 'Jan 23': 180, 'Jan 24': 183, 'Jul 22': 170, 'Jul 23': 239, 'Jun 22': 0, 'Jun 23': 263, 'Mar 23': 581, 'Mar 24': 110, 'May 22': 1, 'May 23': 379, 'Nov 22': 247, 'Nov 23': 118, 'Oct 22': 487, 'Oct 23': 202, 'Sep 22': 419, 'Sep 23': 237}
Maruti Suzuki|Eeco|{'Aug 22': 11999, 'Aug 23': 11859, 'Dec 22': 10581, 'Dec 23': 10034, 'Feb 23': 11352, 'Feb 24': 12147, 'Jan 23': 11709, 'Jan 24': 12019, 'Jul 22': 13048, 'Jul 23': 12037, 'Jun 22': 10130, 'Jun 23': 9354, 'Mar 23': 11995, 'Mar 24': 12019, 'May 22': 10482, 'May 23': 12818, 'Nov 22': 7183, 'Nov 23': 10226, 'Oct 22': 8861, 'Oct 23': 12975, 'Sep 22': 12697, 'Sep 23': 11147}
Hyundai|i20|{'Aug 22': None, 'Aug 23': None, 'Dec 22': None, 'Dec 23': None, 'Feb 23': None, 'Feb 24': None, 'Jan 23': None, 'Jan 24': None, 'Jul 22': None, 'Jul 23': None, 'Jun 22': None, 'Jun 23': None, 'Mar 23': None, 'Mar 24': None, 'May 22': None, 'May 23': None, 'Nov 22': None, 'Nov 23': None, 'Oct 22': None, 'Oct 23': None, 'Sep 22': None, 'Sep 23': None}
Maruti Suzuki|Invicto|{'Aug 22': 0, 'Aug 23': 589, 'Dec 22': 0, 'Dec 23': 502, 'Feb 23': 0, 'Feb 24': 366, 'Jan 23': 0, 'Jan 24': 496, 'Jul 22': 0, 'Jul 23': 757, 'Jun 22': None, 'Jun 23': None, 'Mar 23': 0, 'Mar 24': 348, 'May 22': None, 'May 23': None, 'Nov 22': 0, 'Nov 23': 470, 'Oct 22': 0, 'Oct 23': 478, 'Sep 22': None, 'Sep 23': None}
Hyundai|Creta|{'Aug 22': 12577, 'Aug 23': 13832, 'Dec 22': 10205, 'Dec 23': 9243, 'Feb 23': 10421, 'Feb 24': 15276, 'Jan 23': 15037, 'Jan 24': 13212, 'Jul 22': 12625, 'Jul 23': 14062, 'Jun 22': 13790, 'Jun 23': 14447, 'Mar 23': 14026, 'Mar 24': 16458, 'May 22': 10973, 'May 23': 14449, 'Nov 22': 13321, 'Nov 23': 11814, 'Oct 22': 11880, 'Oct 23': 13077, 'Sep 22': 12866, 'Sep 23': 12717}
Hyundai|Alcazar|{'Aug 22': 2304, 'Aug 23': 1493, 'Dec 22': 1478, 'Dec 23': 954, 'Feb 23': 1559, 'Feb 24': 1290, 'Jan 23': 1537, 'Jan 24': 1827, 'Jul 22': 2888, 'Jul 23': 1443, 'Jun 22': 1986, 'Jun 23': 2119, 'Mar 23': 2519, 'Mar 24': 1420, 'May 22': 1947, 'May 23': 2443, 'Nov 22': 2566, 'Nov 23': 1913, 'Oct 22': 2847, 'Oct 23': 1837, 'Sep 22': 2643, 'Sep 23': 1977}
Hyundai|Venue|{'Aug 22': 11240, 'Aug 23': 10948, 'Dec 22': 8285, 'Dec 23': 10383, 'Feb 23': 9997, 'Feb 24': 8933, 'Jan 23': 10738, 'Jan 24': 11831, 'Jul 22': 12000, 'Jul 23': 10062, 'Jun 22': 10321, 'Jun 23': 11606, 'Mar 23': 10024, 'Mar 24': 9614, 'May 22': 8300, 'May 23': 10213, 'Nov 22': 10738, 'Nov 23': 11180, 'Oct 22': 9585, 'Oct 23': 11581, 'Sep 22': 11033, 'Sep 23': 12204}
Tata|Tiago NRG BS6|{'Aug 22': None, 'Aug 23': None, 'Dec 22': None, 'Dec 23': None, 'Feb 23': None, 'Feb 24': None, 'Jan 23': None, 'Jan 24': None, 'Jul 22': None, 'Jul 23': None, 'Jun 22': None, 'Jun 23': None, 'Mar 23': None, 'Mar 24': None, 'May 22': None, 'May 23': None, 'Nov 22': None, 'Nov 23': None, 'Oct 22': None, 'Oct 23': None, 'Sep 22': None, 'Sep 23': None}
Tata|Tiago|{'Aug 22': 7209, 'Aug 23': 9463, 'Dec 22': 6052, 'Dec 23': 4852, 'Feb 23': 7457, 'Feb 24': 6947, 'Jan 23': 9032, 'Jan 24': 6482, 'Jul 22': 6159, 'Jul 23': 8982, 'Jun 22': 5310, 'Jun 23': 8135, 'Mar 23': 7366, 'Mar 24': 6381, 'May 22': 4561, 'May 23': 8133, 'Nov 22': 5097, 'Nov 23': 5508, 'Oct 22': 7187, 'Oct 23': 5356, 'Sep 22': 6936, 'Sep 23': 6789}
Tata|Punch EV|{'Aug 22': None, 'Aug 23': None, 'Dec 22': None, 'Dec 23': None, 'Feb 23': None, 'Feb 24': None, 'Jan 23': None, 'Jan 24': None, 'Jul 22': None, 'Jul 23': None, 'Jun 22': None, 'Jun 23': None, 'Mar 23': None, 'Mar 24': None, 'May 22': None, 'May 23': None, 'Nov 22': None, 'Nov 23': None, 'Oct 22': None, 'Oct 23': None, 'Sep 22': None, 'Sep 23': None}
Tata|Tigor|{'Aug 22': 3486, 'Aug 23': 2947, 'Dec 22': 3669, 'Dec 23': 1960, 'Feb 23': 3064, 'Feb 24': 1712, 'Jan 23': 3106, 'Jan 24': 1539, 'Jul 22': 5433, 'Jul 23': 2684, 'Jun 22': 4931, 'Jun 23': 3335, 'Mar 23': 2705, 'Mar 24': 2017, 'May 22': 3975, 'May 23': 2701, 'Nov 22': 4301, 'Nov 23': 1775, 'Oct 22': 4001, 'Oct 23': 1563, 'Sep 22': 3700, 'Sep 23': 1534}
Tata|Nexon EV|{'Aug 22': None, 'Aug 23': None, 'Dec 22': None, 'Dec 23': None, 'Feb 23': None, 'Feb 24': None, 'Jan 23': None, 'Jan 24': None, 'Jul 22': None, 'Jul 23': None, 'Jun 22': None, 'Jun 23': None, 'Mar 23': None, 'Mar 24': None, 'May 22': None, 'May 23': None, 'Nov 22': None, 'Nov 23': None, 'Oct 22': None, 'Oct 23': None, 'Sep 22': None, 'Sep 23': None}
Tata|Altroz|{'Aug 22': 4968, 'Aug 23': 7825, 'Dec 22': 4055, 'Dec 23': 4081, 'Feb 23': 3955, 'Feb 24': 4568, 'Jan 23': 5675, 'Jan 24': 4935, 'Jul 22': 5678, 'Jul 23': 7817, 'Jun 22': 5366, 'Jun 23': 7250, 'Mar 23': 3862, 'Mar 24': 5985, 'May 22': 4913, 'May 23': 5420, 'Nov 22': 5084, 'Nov 23': 4955, 'Oct 22': 4770, 'Oct 23': 5984, 'Sep 22': 5227, 'Sep 23': 6684}
Tata|Harrier|{'Aug 22': 2596, 'Aug 23': 1689, 'Dec 22': 2128, 'Dec 23': 1404, 'Feb 23': 2054, 'Feb 24': 2562, 'Jan 23': 1572, 'Jan 24': 2626, 'Jul 22': 3254, 'Jul 23': 2092, 'Jun 22': 3015, 'Jun 23': 2040, 'Mar 23': 2561, 'Mar 24': 2054, 'May 22': 2794, 'May 23': 2303, 'Nov 22': 2119, 'Nov 23': 2326, 'Oct 22': 2762, 'Oct 23': 1896, 'Sep 22': 2993, 'Sep 23': 926}
Tata|Tiago EV|{'Aug 22': None, 'Aug 23': None, 'Dec 22': None, 'Dec 23': None, 'Feb 23': None, 'Feb 24': None, 'Jan 23': None, 'Jan 24': None, 'Jul 22': None, 'Jul 23': None, 'Jun 22': None, 'Jun 23': None, 'Mar 23': None, 'Mar 24': None, 'May 22': None, 'May 23': None, 'Nov 22': None, 'Nov 23': None, 'Oct 22': None, 'Oct 23': None, 'Sep 22': None, 'Sep 23': None}
Hyundai|Venue N Line|{'Aug 22': None, 'Aug 23': None, 'Dec 22': None, 'Dec 23': None, 'Feb 23': None, 'Feb 24': None, 'Jan 23': None, 'Jan 24': None, 'Jul 22': None, 'Jul 23': None, 'Jun 22': None, 'Jun 23': None, 'Mar 23': None, 'Mar 24': None, 'May 22': None, 'May 23': None, 'Nov 22': None, 'Nov 23': None, 'Oct 22': None, 'Oct 23': None, 'Sep 22': None, 'Sep 23': None}
Hyundai|Ioniq 5|{'Aug 22': 0, 'Aug 23': 130, 'Dec 22': 0, 'Dec 23': 81, 'Feb 23': 0, 'Feb 24': 66, 'Jan 23': 0, 'Jan 24': 95, 'Jul 22': 0, 'Jul 23': 125, 'Jun 22': 0, 'Jun 23': 100, 'Mar 23': 21, 'Mar 24': 65, 'May 22': 0, 'May 23': 160, 'Nov 22': 0, 'Nov 23': 96, 'Oct 22': 0, 'Oct 23': 117, 'Sep 22': 0, 'Sep 23': 176}
Tata|Safari|{'Aug 22': 1820, 'Aug 23': 1019, 'Dec 22': 1502, 'Dec 23': 2103, 'Feb 23': 1252, 'Feb 24': 2648, 'Jan 23': 1032, 'Jan 24': 2893, 'Jul 22': 1761, 'Jul 23': 1687, 'Jun 22': 1869, 'Jun 23': 1663, 'Mar 23': 1890, 'Mar 24': 2063, 'May 22': 2242, 'May 23': 1776, 'Nov 22': 1437, 'Nov 23': 2207, 'Oct 22': 1751, 'Oct 23': 1340, 'Sep 22': 2030, 'Sep 23': 516}
Tata|Punch|{'Aug 22': 12006, 'Aug 23': 14523, 'Dec 22': 10586, 'Dec 23': 13787, 'Feb 23': 11169, 'Feb 24': 18438, 'Jan 23': 12006, 'Jan 24': 17978, 'Jul 22': 11007, 'Jul 23': 12019, 'Jun 22': 10414, 'Jun 23': 10990, 'Mar 23': 10894, 'Mar 24': 17547, 'May 22': 10241, 'May 23': 11124, 'Nov 22': 12131, 'Nov 23': 14383, 'Oct 22': 10982, 'Oct 23': 15317, 'Sep 22': 12251, 'Sep 23': 13036}
Hyundai|Kona Electric|{'Aug 22': 102, 'Aug 23': 91, 'Dec 22': 120, 'Dec 23': 19, 'Feb 23': 0, 'Feb 24': 86, 'Jan 23': 40, 'Jan 24': 102, 'Jul 22': 53, 'Jul 23': 60, 'Jun 22': 179, 'Jun 23': 75, 'Mar 23': 0, 'Mar 24': 71, 'May 22': 64, 'May 23': 84, 'Nov 22': 95, 'Nov 23': 19, 'Oct 22': 106, 'Oct 23': 44, 'Sep 22': 112, 'Sep 23': 69}
Tata|Xpres-T EV|{'Aug 22': None, 'Aug 23': None, 'Dec 22': None, 'Dec 23': None, 'Feb 23': None, 'Feb 24': None, 'Jan 23': None, 'Jan 24': None, 'Jul 22': None, 'Jul 23': None, 'Jun 22': None, 'Jun 23': None, 'Mar 23': None, 'Mar 24': None, 'May 22': None, 'May 23': None, 'Nov 22': None, 'Nov 23': None, 'Oct 22': None, 'Oct 23': None, 'Sep 22': None, 'Sep 23': None}
Mahindra|Scorpio Classic|{'Aug 22': None, 'Aug 23': None, 'Dec 22': None, 'Dec 23': None, 'Feb 23': None, 'Feb 24': None, 'Jan 23': None, 'Jan 24': None, 'Jul 22': None, 'Jul 23': None, 'Jun 22': None, 'Jun 23': None, 'Mar 23': None, 'Mar 24': None, 'May 22': None, 'May 23': None, 'Nov 22': None, 'Nov 23': None, 'Oct 22': None, 'Oct 23': None, 'Sep 22': None, 'Sep 23': None}
Tata|Altroz CNG|{'Aug 22': None, 'Aug 23': None, 'Dec 22': None, 'Dec 23': None, 'Feb 23': None, 'Feb 24': None, 'Jan 23': None, 'Jan 24': None, 'Jul 22': None, 'Jul 23': None, 'Jun 22': None, 'Jun 23': None, 'Mar 23': None, 'Mar 24': None, 'May 22': None, 'May 23': None, 'Nov 22': None, 'Nov 23': None, 'Oct 22': None, 'Oct 23': None, 'Sep 22': None, 'Sep 23': None}
Tata|Altroz Racer|{'Aug 22': None, 'Aug 23': None, 'Dec 22': None, 'Dec 23': None, 'Feb 23': None, 'Feb 24': None, 'Jan 23': None, 'Jan 24': None, 'Jul 22': None, 'Jul 23': None, 'Jun 22': None, 'Jun 23': None, 'Mar 23': None, 'Mar 24': None, 'May 22': None, 'May 23': None, 'Nov 22': None, 'Nov 23': None, 'Oct 22': None, 'Oct 23': None, 'Sep 22': None, 'Sep 23': None}
Mahindra|Thar|{'Aug 22': None, 'Aug 23': None, 'Dec 22': 3374, 'Dec 23': 5793, 'Feb 23': 5004, 'Feb 24': 5812, 'Jan 23': 4410, 'Jan 24': 6059, 'Jul 22': 3616, 'Jul 23': 5265, 'Jun 22': 3640, 'Jun 23': 3899, 'Mar 23': 5008, 'Mar 24': 6049, 'May 22': 3209, 'May 23': 4296, 'Nov 22': 3987, 'Nov 23': 5810, 'Oct 22': 3665, 'Oct 23': 5593, 'Sep 22': 4249, 'Sep 23': 5417}
Toyota|Innova Crysta|{'Aug 22': None, 'Aug 23': None, 'Dec 22': None, 'Dec 23': None, 'Feb 23': None, 'Feb 24': None, 'Jan 23': None, 'Jan 24': None, 'Jul 22': None, 'Jul 23': None, 'Jun 22': None, 'Jun 23': None, 'Mar 23': None, 'Mar 24': None, 'May 22': None, 'May 23': None, 'Nov 22': None, 'Nov 23': None, 'Oct 22': None, 'Oct 23': None, 'Sep 22': None, 'Sep 23': None}
Mahindra|XUV700|{'Aug 22': None, 'Aug 23': None, 'Dec 22': 5623, 'Dec 23': 5881, 'Feb 23': 4505, 'Feb 24': 6546, 'Jan 23': 5787, 'Jan 24': 7206, 'Jul 22': 6277, 'Jul 23': 6176, 'Jun 22': 6022, 'Jun 23': 5391, 'Mar 23': 5107, 'Mar 24': 6611, 'May 22': 5069, 'May 23': 5245, 'Nov 22': 5701, 'Nov 23': 7221, 'Oct 22': 5815, 'Oct 23': 9297, 'Sep 22': 6063, 'Sep 23': 8555}
Mahindra|Bolero|{'Aug 22': 8246, 'Aug 23': 9092, 'Dec 22': 7311, 'Dec 23': 7995, 'Feb 23': 9782, 'Feb 24': 10113, 'Jan 23': 8574, 'Jan 24': 9964, 'Jul 22': 7917, 'Jul 23': 8921, 'Jun 22': 7884, 'Jun 23': 8686, 'Mar 23': 9546, 'Mar 24': 10347, 'May 22': 8767, 'May 23': 8170, 'Nov 22': 7984, 'Nov 23': 9333, 'Oct 22': 8772, 'Oct 23': 9647, 'Sep 22': 8108, 'Sep 23': 9519}
Mahindra|XUV 400 Electric|{'Aug 22': 0, 'Aug 23': 778, 'Dec 22': None, 'Dec 23': None, 'Feb 23': 0, 'Feb 24': 610, 'Jan 23': 0, 'Jan 24': 697, 'Jul 22': 0, 'Jul 23': 707, 'Jun 22': 0, 'Jun 23': 788, 'Mar 23': 1909, 'Mar 24': 350, 'May 22': 0, 'May 23': 696, 'Nov 22': 0, 'Nov 23': 710, 'Oct 22': 0, 'Oct 23': 639, 'Sep 22': 0, 'Sep 23': 825}
Mahindra|Scorpio N|{'Aug 22': None, 'Aug 23': None, 'Dec 22': None, 'Dec 23': None, 'Feb 23': None, 'Feb 24': None, 'Jan 23': None, 'Jan 24': None, 'Jul 22': None, 'Jul 23': None, 'Jun 22': None, 'Jun 23': None, 'Mar 23': None, 'Mar 24': None, 'May 22': None, 'May 23': None, 'Nov 22': None, 'Nov 23': None, 'Oct 22': None, 'Oct 23': None, 'Sep 22': None, 'Sep 23': None}
Mahindra|XUV 3X0|{'Aug 22': None, 'Aug 23': None, 'Dec 22': None, 'Dec 23': None, 'Feb 23': None, 'Feb 24': None, 'Jan 23': None, 'Jan 24': None, 'Jul 22': None, 'Jul 23': None, 'Jun 22': None, 'Jun 23': None, 'Mar 23': None, 'Mar 24': None, 'May 22': None, 'May 23': None, 'Nov 22': None, 'Nov 23': None, 'Oct 22': None, 'Oct 23': None, 'Sep 22': None, 'Sep 23': None}
Mahindra|Bolero Neo|{'Aug 22': None, 'Aug 23': None, 'Dec 22': None, 'Dec 23': None, 'Feb 23': None, 'Feb 24': None, 'Jan 23': None, 'Jan 24': None, 'Jul 22': None, 'Jul 23': None, 'Jun 22': None, 'Jun 23': None, 'Mar 23': None, 'Mar 24': None, 'May 22': None, 'May 23': None, 'Nov 22': None, 'Nov 23': None, 'Oct 22': None, 'Oct 23': None, 'Sep 22': None, 'Sep 23': None}
Mahindra|Bolero Neo Plus|{'Aug 22': None, 'Aug 23': None, 'Dec 22': None, 'Dec 23': None, 'Feb 23': None, 'Feb 24': None, 'Jan 23': None, 'Jan 24': None, 'Jul 22': None, 'Jul 23': None, 'Jun 22': None, 'Jun 23': None, 'Mar 23': None, 'Mar 24': None, 'May 22': None, 'May 23': None, 'Nov 22': None, 'Nov 23': None, 'Oct 22': None, 'Oct 23': None, 'Sep 22': None, 'Sep 23': None}
Tata|Tigor CNG|{'Aug 22': None, 'Aug 23': None, 'Dec 22': None, 'Dec 23': None, 'Feb 23': None, 'Feb 24': None, 'Jan 23': None, 'Jan 24': None, 'Jul 22': None, 'Jul 23': None, 'Jun 22': None, 'Jun 23': None, 'Mar 23': None, 'Mar 24': None, 'May 22': None, 'May 23': None, 'Nov 22': None, 'Nov 23': None, 'Oct 22': None, 'Oct 23': None, 'Sep 22': None, 'Sep 23': None}
Tata|Tiago CNG|{'Aug 22': None, 'Aug 23': None, 'Dec 22': None, 'Dec 23': None, 'Feb 23': None, 'Feb 24': None, 'Jan 23': None, 'Jan 24': None, 'Jul 22': None, 'Jul 23': None, 'Jun 22': None, 'Jun 23': None, 'Mar 23': None, 'Mar 24': None, 'May 22': None, 'May 23': None, 'Nov 22': None, 'Nov 23': None, 'Oct 22': None, 'Oct 23': None, 'Sep 22': None, 'Sep 23': None}
Tata|Punch CNG|{'Aug 22': None, 'Aug 23': None, 'Dec 22': None, 'Dec 23': None, 'Feb 23': None, 'Feb 24': None, 'Jan 23': None, 'Jan 24': None, 'Jul 22': None, 'Jul 23': None, 'Jun 22': None, 'Jun 23': None, 'Mar 23': None, 'Mar 24': None, 'May 22': None, 'May 23': None, 'Nov 22': None, 'Nov 23': None, 'Oct 22': None, 'Oct 23': None, 'Sep 22': None, 'Sep 23': None}
Tata|Magic Mantra 10 Seater|{'Aug 22': None, 'Aug 23': None, 'Dec 22': None, 'Dec 23': None, 'Feb 23': None, 'Feb 24': None, 'Jan 23': None, 'Jan 24': None, 'Jul 22': None, 'Jul 23': None, 'Jun 22': None, 'Jun 23': None, 'Mar 23': None, 'Mar 24': None, 'May 22': None, 'May 23': None, 'Nov 22': None, 'Nov 23': None, 'Oct 22': None, 'Oct 23': None, 'Sep 22': None, 'Sep 23': None}
Toyota|Fortuner|{'Aug 22': 2581, 'Aug 23': 2825, 'Dec 22': 1603, 'Dec 23': 3104, 'Feb 23': 3426, 'Feb 24': 3395, 'Jan 23': 3698, 'Jan 24': 3213, 'Jul 22': 3000, 'Jul 23': 3129, 'Jun 22': 3133, 'Jun 23': 3086, 'Mar 23': 3108, 'Mar 24': 3621, 'May 22': 1184, 'May 23': 2887, 'Nov 22': 1967, 'Nov 23': 1876, 'Oct 22': 2031, 'Oct 23': 2475, 'Sep 22': 2935, 'Sep 23': 2874}
Toyota|Innova Hycross|{'Aug 22': 6036, 'Aug 23': 8666, 'Dec 22': 36, 'Dec 23': 7832, 'Feb 23': 4169, 'Feb 24': 8481, 'Jan 23': 1427, 'Jan 24': 9400, 'Jul 22': 6900, 'Jul 23': 8935, 'Jun 22': 6795, 'Jun 23': 8361, 'Mar 23': 8075, 'Mar 24': 9900, 'May 22': 2737, 'May 23': 7776, 'Nov 22': 2025, 'Nov 23': 6910, 'Oct 22': 3739, 'Oct 23': 8183, 'Sep 22': 7282, 'Sep 23': 8900}
Toyota|Land Cruiser LC300|{'Aug 22': None, 'Aug 23': None, 'Dec 22': None, 'Dec 23': None, 'Feb 23': None, 'Feb 24': None, 'Jan 23': None, 'Jan 24': None, 'Jul 22': None, 'Jul 23': None, 'Jun 22': None, 'Jun 23': None, 'Mar 23': None, 'Mar 24': None, 'May 22': None, 'May 23': None, 'Nov 22': None, 'Nov 23': None, 'Oct 22': None, 'Oct 23': None, 'Sep 22': None, 'Sep 23': None}
Toyota|Hilux|{'Aug 22': 20, 'Aug 23': 133, 'Dec 22': 5, 'Dec 23': 322, 'Feb 23': 15, 'Feb 24': 245, 'Jan 23': 1, 'Jan 24': 289, 'Jul 22': 2, 'Jul 23': 216, 'Jun 22': 17, 'Jun 23': 318, 'Mar 23': 223, 'Mar 24': 356, 'May 22': 65, 'May 23': 300, 'Nov 22': 37, 'Nov 23': 214, 'Oct 22': 75, 'Oct 23': 181, 'Sep 22': 2, 'Sep 23': 143}
Toyota|Camry|{'Aug 22': 62, 'Aug 23': 181, 'Dec 22': 71, 'Dec 23': 180, 'Feb 23': 67, 'Feb 24': 210, 'Jan 23': 59, 'Jan 24': 312, 'Jul 22': 63, 'Jul 23': 190, 'Jun 22': 89, 'Jun 23': 184, 'Mar 23': 98, 'Mar 24': 232, 'May 22': 106, 'May 23': 142, 'Nov 22': 118, 'Nov 23': 198, 'Oct 22': 59, 'Oct 23': 197, 'Sep 22': 68, 'Sep 23': 259}
Toyota|Vellfire|{'Aug 22': 118, 'Aug 23': 0, 'Dec 22': 40, 'Dec 23': 37, 'Feb 23': 60, 'Feb 24': 57, 'Jan 23': 22, 'Jan 24': 61, 'Jul 22': 44, 'Jul 23': 0, 'Jun 22': 48, 'Jun 23': 0, 'Mar 23': 239, 'Mar 24': 38, 'May 22': 44, 'May 23': 5, 'Nov 22': 109, 'Nov 23': 53, 'Oct 22': 88, 'Oct 23': 3, 'Sep 22': 50, 'Sep 23': 0}
Toyota|Fortuner Legender|{'Aug 22': None, 'Aug 23': None, 'Dec 22': None, 'Dec 23': None, 'Feb 23': None, 'Feb 24': None, 'Jan 23': None, 'Jan 24': None, 'Jul 22': None, 'Jul 23': None, 'Jun 22': None, 'Jun 23': None, 'Mar 23': None, 'Mar 24': None, 'May 22': None, 'May 23': None, 'Nov 22': None, 'Nov 23': None, 'Oct 22': None, 'Oct 23': None, 'Sep 22': None, 'Sep 23': None}
Toyota|Urban Cruiser HyRyder|{'Aug 22': 0, 'Aug 23': 4121, 'Dec 22': 4201, 'Dec 23': 4976, 'Feb 23': 3307, 'Feb 24': 5601, 'Jan 23': 4194, 'Jan 24': 5543, 'Jul 22': 0, 'Jul 23': 3387, 'Jun 22': 0, 'Jun 23': 2821, 'Mar 23': 3474, 'Mar 24': 5965, 'May 22': 0, 'May 23': 3090, 'Nov 22': 3116, 'Nov 23': 3005, 'Oct 22': 3384, 'Oct 23': 3987, 'Sep 22': 1163, 'Sep 23': 3804}
Toyota|Glanza|{'Aug 22': 3011, 'Aug 23': 4932, 'Dec 22': 4465, 'Dec 23': 4088, 'Feb 23': 4223, 'Feb 24': 4581, 'Jan 23': 3327, 'Jan 24': 3740, 'Jul 22': 2960, 'Jul 23': 4902, 'Jun 22': 1129, 'Jun 23': 3467, 'Mar 23': 3365, 'Mar 24': 4319, 'May 22': 2952, 'May 23': 5179, 'Nov 22': 4393, 'Nov 23': 3950, 'Oct 22': 3767, 'Oct 23': 4724, 'Sep 22': 3528, 'Sep 23': 4727}
Mahindra|KUV100 NXT|{'Aug 22': None, 'Aug 23': None, 'Dec 22': None, 'Dec 23': None, 'Feb 23': None, 'Feb 24': None, 'Jan 23': None, 'Jan 24': None, 'Jul 22': None, 'Jul 23': None, 'Jun 22': None, 'Jun 23': None, 'Mar 23': None, 'Mar 24': None, 'May 22': None, 'May 23': None, 'Nov 22': None, 'Nov 23': None, 'Oct 22': None, 'Oct 23': None, 'Sep 22': None, 'Sep 23': None}
Toyota|Taisor|{'Aug 22': None, 'Aug 23': None, 'Dec 22': None, 'Dec 23': None, 'Feb 23': None, 'Feb 24': None, 'Jan 23': None, 'Jan 24': None, 'Jul 22': None, 'Jul 23': None, 'Jun 22': None, 'Jun 23': None, 'Mar 23': None, 'Mar 24': None, 'May 22': None, 'May 23': None, 'Nov 22': None, 'Nov 23': None, 'Oct 22': None, 'Oct 23': None, 'Sep 22': None, 'Sep 23': None}
Toyota|Rumion|{'Aug 22': None, 'Aug 23': None, 'Dec 22': 0, 'Dec 23': 833, 'Feb 23': 0, 'Feb 24': 730, 'Jan 23': 0, 'Jan 24': 639, 'Jul 22': None, 'Jul 23': None, 'Jun 22': None, 'Jun 23': None, 'Mar 23': 88, 'Mar 24': 688, 'May 22': None, 'May 23': None, 'Nov 22': 0, 'Nov 23': 718, 'Oct 22': 0, 'Oct 23': 792, 'Sep 22': 0, 'Sep 23': 1461}
Mahindra|XUV 300|{'Aug 22': 4322, 'Aug 23': 4992, 'Dec 22': 4850, 'Dec 23': 3550, 'Feb 23': 3809, 'Feb 24': 4218, 'Jan 23': 5390, 'Jan 24': 4817, 'Jul 22': 5937, 'Jul 23': 4533, 'Jun 22': 4754, 'Jun 23': 5094, 'Mar 23': 5128, 'Mar 24': 2072, 'May 22': 5022, 'May 23': 5125, 'Nov 22': 5903, 'Nov 23': 4673, 'Oct 22': 6282, 'Oct 23': 4865, 'Sep 22': 6080, 'Sep 23': 4961}
BMW|M4 Competition|{'Aug 22': None, 'Aug 23': None, 'Dec 22': None, 'Dec 23': None, 'Feb 23': None, 'Feb 24': None, 'Jan 23': None, 'Jan 24': None, 'Jul 22': None, 'Jul 23': None, 'Jun 22': None, 'Jun 23': None, 'Mar 23': None, 'Mar 24': None, 'May 22': None, 'May 23': None, 'Nov 22': None, 'Nov 23': None, 'Oct 22': None, 'Oct 23': None, 'Sep 22': None, 'Sep 23': None}
BMW|X7|{'Aug 22': None, 'Aug 23': None, 'Dec 22': None, 'Dec 23': None, 'Feb 23': None, 'Feb 24': None, 'Jan 23': None, 'Jan 24': None, 'Jul 22': None, 'Jul 23': None, 'Jun 22': None, 'Jun 23': None, 'Mar 23': None, 'Mar 24': None, 'May 22': None, 'May 23': None, 'Nov 22': None, 'Nov 23': None, 'Oct 22': None, 'Oct 23': None, 'Sep 22': None, 'Sep 23': None}
KIA|Carens|{'Aug 22': 5558, 'Aug 23': 4359, 'Dec 22': 3195, 'Dec 23': 2563, 'Feb 23': 6248, 'Feb 24': 4832, 'Jan 23': 7900, 'Jan 24': 5848, 'Jul 22': 5978, 'Jul 23': 6002, 'Jun 22': 7895, 'Jun 23': 8047, 'Mar 23': 6102, 'Mar 24': 4737, 'May 22': 4612, 'May 23': 6367, 'Nov 22': 6360, 'Nov 23': 4620, 'Oct 22': 5479, 'Oct 23': 5355, 'Sep 22': 5233, 'Sep 23': 4330}
BMW|7-Series|{'Aug 22': None, 'Aug 23': None, 'Dec 22': None, 'Dec 23': None, 'Feb 23': None, 'Feb 24': None, 'Jan 23': None, 'Jan 24': None, 'Jul 22': None, 'Jul 23': None, 'Jun 22': None, 'Jun 23': None, 'Mar 23': None, 'Mar 24': None, 'May 22': None, 'May 23': None, 'Nov 22': None, 'Nov 23': None, 'Oct 22': None, 'Oct 23': None, 'Sep 22': None, 'Sep 23': None}
BMW|X1|{'Aug 22': None, 'Aug 23': None, 'Dec 22': None, 'Dec 23': None, 'Feb 23': None, 'Feb 24': None, 'Jan 23': None, 'Jan 24': None, 'Jul 22': None, 'Jul 23': None, 'Jun 22': None, 'Jun 23': None, 'Mar 23': None, 'Mar 24': None, 'May 22': None, 'May 23': None, 'Nov 22': None, 'Nov 23': None, 'Oct 22': None, 'Oct 23': None, 'Sep 22': None, 'Sep 23': None}
BMW|2 Series Gran Coupe|{'Aug 22': None, 'Aug 23': None, 'Dec 22': None, 'Dec 23': None, 'Feb 23': None, 'Feb 24': None, 'Jan 23': None, 'Jan 24': None, 'Jul 22': None, 'Jul 23': None, 'Jun 22': None, 'Jun 23': None, 'Mar 23': None, 'Mar 24': None, 'May 22': None, 'May 23': None, 'Nov 22': None, 'Nov 23': None, 'Oct 22': None, 'Oct 23': None, 'Sep 22': None, 'Sep 23': None}
BMW|3 Series Gran Limousine|{'Aug 22': None, 'Aug 23': None, 'Dec 22': None, 'Dec 23': None, 'Feb 23': None, 'Feb 24': None, 'Jan 23': None, 'Jan 24': None, 'Jul 22': None, 'Jul 23': None, 'Jun 22': None, 'Jun 23': None, 'Mar 23': None, 'Mar 24': None, 'May 22': None, 'May 23': None, 'Nov 22': None, 'Nov 23': None, 'Oct 22': None, 'Oct 23': None, 'Sep 22': None, 'Sep 23': None}
BMW|Z4|{'Aug 22': None, 'Aug 23': None, 'Dec 22': None, 'Dec 23': None, 'Feb 23': None, 'Feb 24': None, 'Jan 23': None, 'Jan 24': None, 'Jul 22': None, 'Jul 23': None, 'Jun 22': None, 'Jun 23': None, 'Mar 23': None, 'Mar 24': None, 'May 22': None, 'May 23': None, 'Nov 22': None, 'Nov 23': None, 'Oct 22': None, 'Oct 23': None, 'Sep 22': None, 'Sep 23': None}
BMW|M2|{'Aug 22': None, 'Aug 23': None, 'Dec 22': None, 'Dec 23': None, 'Feb 23': None, 'Feb 24': None, 'Jan 23': None, 'Jan 24': None, 'Jul 22': None, 'Jul 23': None, 'Jun 22': None, 'Jun 23': None, 'Mar 23': None, 'Mar 24': None, 'May 22': None, 'May 23': None, 'Nov 22': None, 'Nov 23': None, 'Oct 22': None, 'Oct 23': None, 'Sep 22': None, 'Sep 23': None}
BMW|6 Series|{'Aug 22': None, 'Aug 23': None, 'Dec 22': None, 'Dec 23': None, 'Feb 23': None, 'Feb 24': None, 'Jan 23': None, 'Jan 24': None, 'Jul 22': None, 'Jul 23': None, 'Jun 22': None, 'Jun 23': None, 'Mar 23': None, 'Mar 24': None, 'May 22': None, 'May 23': None, 'Nov 22': None, 'Nov 23': None, 'Oct 22': None, 'Oct 23': None, 'Sep 22': None, 'Sep 23': None}
BMW|X5|{'Aug 22': None, 'Aug 23': None, 'Dec 22': None, 'Dec 23': None, 'Feb 23': None, 'Feb 24': None, 'Jan 23': None, 'Jan 24': None, 'Jul 22': None, 'Jul 23': None, 'Jun 22': None, 'Jun 23': None, 'Mar 23': None, 'Mar 24': None, 'May 22': None, 'May 23': None, 'Nov 22': None, 'Nov 23': None, 'Oct 22': None, 'Oct 23': None, 'Sep 22': None, 'Sep 23': None}
KIA|Sonet|{'Aug 22': None, 'Aug 23': None, 'Dec 22': 5772, 'Dec 23': 10, 'Feb 23': 9836, 'Feb 24': 9102, 'Jan 23': 9261, 'Jan 24': 11530, 'Jul 22': 7215, 'Jul 23': 4245, 'Jun 22': 7455, 'Jun 23': 7722, 'Mar 23': 8677, 'Mar 24': 8750, 'May 22': 7899, 'May 23': 8251, 'Nov 22': 7834, 'Nov 23': 6433, 'Oct 22': 7614, 'Oct 23': 6493, 'Sep 22': 9291, 'Sep 23': 4984}
BMW|X3|{'Aug 22': None, 'Aug 23': None, 'Dec 22': None, 'Dec 23': None, 'Feb 23': None, 'Feb 24': None, 'Jan 23': None, 'Jan 24': None, 'Jul 22': None, 'Jul 23': None, 'Jun 22': None, 'Jun 23': None, 'Mar 23': None, 'Mar 24': None, 'May 22': None, 'May 23': None, 'Nov 22': None, 'Nov 23': None, 'Oct 22': None, 'Oct 23': None, 'Sep 22': None, 'Sep 23': None}
BMW|M8 Coupe Competition|{'Aug 22': None, 'Aug 23': None, 'Dec 22': None, 'Dec 23': None, 'Feb 23': None, 'Feb 24': None, 'Jan 23': None, 'Jan 24': None, 'Jul 22': None, 'Jul 23': None, 'Jun 22': None, 'Jun 23': None, 'Mar 23': None, 'Mar 24': None, 'May 22': None, 'May 23': None, 'Nov 22': None, 'Nov 23': None, 'Oct 22': None, 'Oct 23': None, 'Sep 22': None, 'Sep 23': None}
KIA|EV6|{'Aug 22': 0, 'Aug 23': 42, 'Dec 22': 134, 'Dec 23': 6, 'Feb 23': 0, 'Feb 24': 1, 'Jan 23': 0, 'Jan 24': 0, 'Jul 22': 0, 'Jul 23': 15, 'Jun 22': 1, 'Jun 23': 44, 'Mar 23': 0, 'Mar 24': 1, 'May 22': 15, 'May 23': 83, 'Nov 22': 128, 'Nov 23': 25, 'Oct 22': 152, 'Oct 23': 141, 'Sep 22': 0, 'Sep 23': 150}
BMW|i7|{'Aug 22': None, 'Aug 23': None, 'Dec 22': None, 'Dec 23': None, 'Feb 23': None, 'Feb 24': None, 'Jan 23': None, 'Jan 24': None, 'Jul 22': None, 'Jul 23': None, 'Jun 22': None, 'Jun 23': None, 'Mar 23': None, 'Mar 24': None, 'May 22': None, 'May 23': None, 'Nov 22': None, 'Nov 23': None, 'Oct 22': None, 'Oct 23': None, 'Sep 22': None, 'Sep 23': None}
BMW|XM|{'Aug 22': None, 'Aug 23': None, 'Dec 22': None, 'Dec 23': None, 'Feb 23': None, 'Feb 24': None, 'Jan 23': None, 'Jan 24': None, 'Jul 22': None, 'Jul 23': None, 'Jun 22': None, 'Jun 23': None, 'Mar 23': None, 'Mar 24': None, 'May 22': None, 'May 23': None, 'Nov 22': None, 'Nov 23': None, 'Oct 22': None, 'Oct 23': None, 'Sep 22': None, 'Sep 23': None}
MG|Gloster|{'Aug 22': 185, 'Aug 23': 240, 'Dec 22': 111, 'Dec 23': 140, 'Feb 23': 101, 'Feb 24': 168, 'Jan 23': 244, 'Jan 24': 139, 'Jul 22': 252, 'Jul 23': 251, 'Jun 22': 151, 'Jun 23': 263, 'Mar 23': 247, 'Mar 24': 131, 'May 22': 51, 'May 23': 217, 'Nov 22': 106, 'Nov 23': 172, 'Oct 22': 179, 'Oct 23': 247, 'Sep 22': 311, 'Sep 23': 201}
MG|Comet EV|{'Aug 22': 0, 'Aug 23': 651, 'Dec 22': 0, 'Dec 23': 791, 'Feb 23': 0, 'Feb 24': 920, 'Jan 23': 0, 'Jan 24': 505, 'Jul 22': 0, 'Jul 23': 1117, 'Jun 22': 0, 'Jun 23': 1184, 'Mar 23': 0, 'Mar 24': 875, 'May 22': None, 'May 23': None, 'Nov 22': 0, 'Nov 23': 698, 'Oct 22': 0, 'Oct 23': 1036, 'Sep 22': 0, 'Sep 23': 1020}
Honda|Elevate|{'Aug 22': 0, 'Aug 23': 2822, 'Dec 22': 0, 'Dec 23': 4376, 'Feb 23': 0, 'Feb 24': 3184, 'Jan 23': 0, 'Jan 24': 4586, 'Jul 22': None, 'Jul 23': None, 'Jun 22': None, 'Jun 23': None, 'Mar 23': 0, 'Mar 24': 3277, 'May 22': None, 'May 23': None, 'Nov 22': 0, 'Nov 23': 4755, 'Oct 22': 0, 'Oct 23': 4957, 'Sep 22': 0, 'Sep 23': 5685}
Honda|City|{'Aug 22': 3488, 'Aug 23': 1494, 'Dec 22': 3086, 'Dec 23': 1112, 'Feb 23': 1963, 'Feb 24': 1184, 'Jan 23': 2058, 'Jan 24': 1123, 'Jul 22': 3149, 'Jul 23': 1478, 'Jun 22': 3292, 'Jun 23': 1478, 'Mar 23': 2693, 'Mar 24': 1116, 'May 22': 3628, 'May 23': 1532, 'Nov 22': 2711, 'Nov 23': 1336, 'Oct 22': 3250, 'Oct 23': 1553, 'Sep 22': 3420, 'Sep 23': 1599}
BMW|i5|{'Aug 22': None, 'Aug 23': None, 'Dec 22': None, 'Dec 23': None, 'Feb 23': None, 'Feb 24': None, 'Jan 23': None, 'Jan 24': None, 'Jul 22': None, 'Jul 23': None, 'Jun 22': None, 'Jun 23': None, 'Mar 23': None, 'Mar 24': None, 'May 22': None, 'May 23': None, 'Nov 22': None, 'Nov 23': None, 'Oct 22': None, 'Oct 23': None, 'Sep 22': None, 'Sep 23': None}
MG|Astor|{'Aug 22': 1324, 'Aug 23': 814, 'Dec 22': 1687, 'Dec 23': 821, 'Feb 23': 1020, 'Feb 24': 1036, 'Jan 23': 958, 'Jan 24': 966, 'Jul 22': 1362, 'Jul 23': 954, 'Jun 22': 1640, 'Jun 23': 891, 'Mar 23': 1151, 'Mar 24': 1274, 'May 22': 2022, 'May 23': 592, 'Nov 22': 1434, 'Nov 23': 726, 'Oct 22': 1774, 'Oct 23': 890, 'Sep 22': 980, 'Sep 23': 901}
MG|Hector|{'Aug 22': 1917, 'Aug 23': 2059, 'Dec 22': 1575, 'Dec 23': 2184, 'Feb 23': 2558, 'Feb 24': 1826, 'Jan 23': 2441, 'Jan 24': 1817, 'Jul 22': 1988, 'Jul 23': 2103, 'Jun 22': 2402, 'Jun 23': 2170, 'Mar 23': 4105, 'Mar 24': 1887, 'May 22': 1633, 'May 23': 2800, 'Nov 22': 1773, 'Nov 23': 2130, 'Oct 22': 1630, 'Oct 23': 2703, 'Sep 22': 2105, 'Sep 23': 2653}
MG|Hector Plus|{'Aug 22': None, 'Aug 23': None, 'Dec 22': None, 'Dec 23': None, 'Feb 23': None, 'Feb 24': None, 'Jan 23': None, 'Jan 24': None, 'Jul 22': None, 'Jul 23': None, 'Jun 22': None, 'Jun 23': None, 'Mar 23': None, 'Mar 24': None, 'May 22': None, 'May 23': None, 'Nov 22': None, 'Nov 23': None, 'Oct 22': None, 'Oct 23': None, 'Sep 22': None, 'Sep 23': None}
MG|ZS EV|{'Aug 22': 397, 'Aug 23': 421, 'Dec 22': 526, 'Dec 23': 464, 'Feb 23': 514, 'Feb 24': 582, 'Jan 23': 471, 'Jan 24': 398, 'Jul 22': 411, 'Jul 23': 587, 'Jun 22': 310, 'Jun 23': 617, 'Mar 23': 548, 'Mar 24': 481, 'May 22': 302, 'May 23': 1397, 'Nov 22': 766, 'Nov 23': 428, 'Oct 22': 784, 'Oct 23': 232, 'Sep 22': 412, 'Sep 23': 228}
BMW|X4|{'Aug 22': None, 'Aug 23': None, 'Dec 22': None, 'Dec 23': None, 'Feb 23': None, 'Feb 24': None, 'Jan 23': None, 'Jan 24': None, 'Jul 22': None, 'Jul 23': None, 'Jun 22': None, 'Jun 23': None, 'Mar 23': None, 'Mar 24': None, 'May 22': None, 'May 23': None, 'Nov 22': None, 'Nov 23': None, 'Oct 22': None, 'Oct 23': None, 'Sep 22': None, 'Sep 23': None}
BMW|iX Electric|{'Aug 22': None, 'Aug 23': None, 'Dec 22': None, 'Dec 23': None, 'Feb 23': None, 'Feb 24': None, 'Jan 23': None, 'Jan 24': None, 'Jul 22': None, 'Jul 23': None, 'Jun 22': None, 'Jun 23': None, 'Mar 23': None, 'Mar 24': None, 'May 22': None, 'May 23': None, 'Nov 22': None, 'Nov 23': None, 'Oct 22': None, 'Oct 23': None, 'Sep 22': None, 'Sep 23': None}
BMW|3-Series|{'Aug 22': None, 'Aug 23': None, 'Dec 22': None, 'Dec 23': None, 'Feb 23': None, 'Feb 24': None, 'Jan 23': None, 'Jan 24': None, 'Jul 22': None, 'Jul 23': None, 'Jun 22': None, 'Jun 23': None, 'Mar 23': None, 'Mar 24': None, 'May 22': None, 'May 23': None, 'Nov 22': None, 'Nov 23': None, 'Oct 22': None, 'Oct 23': None, 'Sep 22': None, 'Sep 23': None}
BMW|iX1|{'Aug 22': None, 'Aug 23': None, 'Dec 22': None, 'Dec 23': None, 'Feb 23': None, 'Feb 24': None, 'Jan 23': None, 'Jan 24': None, 'Jul 22': None, 'Jul 23': None, 'Jun 22': None, 'Jun 23': None, 'Mar 23': None, 'Mar 24': None, 'May 22': None, 'May 23': None, 'Nov 22': None, 'Nov 23': None, 'Oct 22': None, 'Oct 23': None, 'Sep 22': None, 'Sep 23': None}
Honda|Amaze|{'Aug 22': 3418, 'Aug 23': 3564, 'Dec 22': 3614, 'Dec 23': 2414, 'Feb 23': 4123, 'Feb 24': 2774, 'Jan 23': 5580, 'Jan 24': 2972, 'Jul 22': 2767, 'Jul 23': 3386, 'Jun 22': 3350, 'Jun 23': 3602, 'Mar 23': 3996, 'Mar 24': 2678, 'May 22': 3709, 'May 23': 3128, 'Nov 22': 3890, 'Nov 23': 2639, 'Oct 22': 5443, 'Oct 23': 2890, 'Sep 22': 4082, 'Sep 23': 2577}
Honda|City Hybrid|{'Aug 22': None, 'Aug 23': None, 'Dec 22': None, 'Dec 23': None, 'Feb 23': None, 'Feb 24': None, 'Jan 23': None, 'Jan 24': None, 'Jul 22': None, 'Jul 23': None, 'Jun 22': None, 'Jun 23': None, 'Mar 23': None, 'Mar 24': None, 'May 22': None, 'May 23': None, 'Nov 22': None, 'Nov 23': None, 'Oct 22': None, 'Oct 23': None, 'Sep 22': None, 'Sep 23': None}
Mahindra|Marazzo|{'Aug 22': 45, 'Aug 23': 47, 'Dec 22': 171, 'Dec 23': 62, 'Feb 23': 171, 'Feb 24': 51, 'Jan 23': 164, 'Jan 24': 32, 'Jul 22': 213, 'Jul 23': 81, 'Jun 22': 124, 'Jun 23': 79, 'Mar 23': 490, 'Mar 24': 51, 'May 22': 127, 'May 23': 33, 'Nov 22': 201, 'Nov 23': 49, 'Oct 22': 213, 'Oct 23': 89, 'Sep 22': 162, 'Sep 23': 144}
Skoda|Superb|{'Aug 22': 135, 'Aug 23': 0, 'Dec 22': 110, 'Dec 23': 0, 'Feb 23': 90, 'Feb 24': 0, 'Jan 23': 96, 'Jan 24': 0, 'Jul 22': 147, 'Jul 23': 0, 'Jun 22': 139, 'Jun 23': 0, 'Mar 23': 104, 'Mar 24': 15, 'May 22': 152, 'May 23': 10, 'Nov 22': 160, 'Nov 23': 0, 'Oct 22': 143, 'Oct 23': 0, 'Sep 22': 190, 'Sep 23': 0}
Tata|Magic Express 10 Seater|{'Aug 22': None, 'Aug 23': None, 'Dec 22': None, 'Dec 23': None, 'Feb 23': None, 'Feb 24': None, 'Jan 23': None, 'Jan 24': None, 'Jul 22': None, 'Jul 23': None, 'Jun 22': None, 'Jun 23': None, 'Mar 23': None, 'Mar 24': None, 'May 22': None, 'May 23': None, 'Nov 22': None, 'Nov 23': None, 'Oct 22': None, 'Oct 23': None, 'Sep 22': None, 'Sep 23': None}
Volkswagen|Virtus|{'Aug 22': 873, 'Aug 23': 2140, 'Dec 22': 1888, 'Dec 23': 2199, 'Feb 23': 1563, 'Feb 24': 1631, 'Jan 23': 1379, 'Jan 24': 1879, 'Jul 22': 1338, 'Jul 23': 1737, 'Jun 22': 1850, 'Jun 23': 1812, 'Mar 23': 1792, 'Mar 24': 1847, 'May 22': 2177, 'May 23': 1631, 'Nov 22': 1515, 'Nov 23': 1174, 'Oct 22': 1072, 'Oct 23': 1772, 'Sep 22': 1986, 'Sep 23': 1791}
BMW|i4|{'Aug 22': None, 'Aug 23': None, 'Dec 22': None, 'Dec 23': None, 'Feb 23': None, 'Feb 24': None, 'Jan 23': None, 'Jan 24': None, 'Jul 22': None, 'Jul 23': None, 'Jun 22': None, 'Jun 23': None, 'Mar 23': None, 'Mar 24': None, 'May 22': None, 'May 23': None, 'Nov 22': None, 'Nov 23': None, 'Oct 22': None, 'Oct 23': None, 'Sep 22': None, 'Sep 23': None}
Skoda|Kushaq|{'Aug 22': 1876, 'Aug 23': 2409, 'Dec 22': 2186, 'Dec 23': 2485, 'Feb 23': 1783, 'Feb 24': 1137, 'Jan 23': 2013, 'Jan 24': 1082, 'Jul 22': 2064, 'Jul 23': 2394, 'Jun 22': 2983, 'Jun 23': 2133, 'Mar 23': 2252, 'Mar 24': 1293, 'May 22': 1806, 'May 23': 1685, 'Nov 22': 2009, 'Nov 23': 1908, 'Oct 22': 1691, 'Oct 23': 2447, 'Sep 22': 2224, 'Sep 23': 2260}
KIA|Seltos|{'Aug 22': 8652, 'Aug 23': 10698, 'Dec 22': 5995, 'Dec 23': 9957, 'Feb 23': 8012, 'Feb 24': 6265, 'Jan 23': 10470, 'Jan 24': 6391, 'Jul 22': 8541, 'Jul 23': 9740, 'Jun 22': 8388, 'Jun 23': 3578, 'Mar 23': 6554, 'Mar 24': 7912, 'May 22': 5953, 'May 23': 4065, 'Nov 22': 9284, 'Nov 23': 11684, 'Oct 22': 9777, 'Oct 23': 12362, 'Sep 22': 11000, 'Sep 23': 10558}
Tata|Tigor EV|{'Aug 22': None, 'Aug 23': None, 'Dec 22': None, 'Dec 23': None, 'Feb 23': None, 'Feb 24': None, 'Jan 23': None, 'Jan 24': None, 'Jul 22': None, 'Jul 23': None, 'Jun 22': None, 'Jun 23': None, 'Mar 23': None, 'Mar 24': None, 'May 22': None, 'May 23': None, 'Nov 22': None, 'Nov 23': None, 'Oct 22': None, 'Oct 23': None, 'Sep 22': None, 'Sep 23': None}
Skoda|Slavia|{'Aug 22': 1941, 'Aug 23': 1657, 'Dec 22': 2257, 'Dec 23': 1960, 'Feb 23': 1274, 'Feb 24': 1028, 'Jan 23': 1413, 'Jan 24': 1242, 'Jul 22': 1895, 'Jul 23': 1654, 'Jun 22': 2765, 'Jun 23': 1639, 'Mar 23': 1574, 'Mar 24': 1358, 'May 22': 2466, 'May 23': 1695, 'Nov 22': 2022, 'Nov 23': 1749, 'Oct 22': 1376, 'Oct 23': 1943, 'Sep 22': 937, 'Sep 23': 1581}
Skoda|Kodiaq|{'Aug 22': 151, 'Aug 23': 241, 'Dec 22': 107, 'Dec 23': 225, 'Feb 23': 189, 'Feb 24': 89, 'Jan 23': 196, 'Jan 24': 53, 'Jul 22': 110, 'Jul 23': 159, 'Jun 22': 79, 'Jun 23': 194, 'Mar 23': 416, 'Mar 24': 136, 'May 22': 106, 'May 23': 157, 'Nov 22': 138, 'Nov 23': 126, 'Oct 22': 55, 'Oct 23': 176, 'Sep 22': 71, 'Sep 23': 191}
Maruti Suzuki|Ignis|{'Aug 22': 5746, 'Aug 23': 2373, 'Dec 22': 5241, 'Dec 23': 392, 'Feb 23': 4749, 'Feb 24': 2110, 'Jan 23': 5842, 'Jan 24': 2598, 'Jul 22': 6130, 'Jul 23': 3223, 'Jun 22': 4960, 'Jun 23': 4237, 'Mar 23': 2760, 'Mar 24': 2788, 'May 22': 5029, 'May 23': 4551, 'Nov 22': 5087, 'Nov 23': 1660, 'Oct 22': 4743, 'Oct 23': 2374, 'Sep 22': 5750, 'Sep 23': 2056}
Hyundai|i20 N Line|{'Aug 22': None, 'Aug 23': None, 'Dec 22': None, 'Dec 23': None, 'Feb 23': None, 'Feb 24': None, 'Jan 23': None, 'Jan 24': None, 'Jul 22': None, 'Jul 23': None, 'Jun 22': None, 'Jun 23': None, 'Mar 23': None, 'Mar 24': None, 'May 22': None, 'May 23': None, 'Nov 22': None, 'Nov 23': None, 'Oct 22': None, 'Oct 23': None, 'Sep 22': None, 'Sep 23': None}
Maruti Suzuki|Fronx|{'Aug 22': 0, 'Aug 23': 12164, 'Dec 22': 0, 'Dec 23': 9692, 'Feb 23': 0, 'Feb 24': 14168, 'Jan 23': 0, 'Jan 24': 13643, 'Jul 22': 0, 'Jul 23': 13220, 'Jun 22': 0, 'Jun 23': 7991, 'Mar 23': 0, 'Mar 24': 12531, 'May 22': 0, 'May 23': 9863, 'Nov 22': 0, 'Nov 23': 9867, 'Oct 22': 0, 'Oct 23': 11357, 'Sep 22': 0, 'Sep 23': 11455}
Jeep|Grand Cherokee|{'Aug 22': None, 'Aug 23': None, 'Dec 22': None, 'Dec 23': None, 'Feb 23': None, 'Feb 24': None, 'Jan 23': None, 'Jan 24': None, 'Jul 22': None, 'Jul 23': None, 'Jun 22': None, 'Jun 23': None, 'Mar 23': None, 'Mar 24': None, 'May 22': None, 'May 23': None, 'Nov 22': None, 'Nov 23': None, 'Oct 22': None, 'Oct 23': None, 'Sep 22': None, 'Sep 23': None}
Land Rover|Range Rover Velar|{'Aug 22': None, 'Aug 23': None, 'Dec 22': None, 'Dec 23': None, 'Feb 23': None, 'Feb 24': None, 'Jan 23': None, 'Jan 24': None, 'Jul 22': None, 'Jul 23': None, 'Jun 22': None, 'Jun 23': None, 'Mar 23': None, 'Mar 24': None, 'May 22': None, 'May 23': None, 'Nov 22': None, 'Nov 23': None, 'Oct 22': None, 'Oct 23': None, 'Sep 22': None, 'Sep 23': None}
Land Rover|Range Rover Evoque|{'Aug 22': None, 'Aug 23': None, 'Dec 22': None, 'Dec 23': None, 'Feb 23': None, 'Feb 24': None, 'Jan 23': None, 'Jan 24': None, 'Jul 22': None, 'Jul 23': None, 'Jun 22': None, 'Jun 23': None, 'Mar 23': None, 'Mar 24': None, 'May 22': None, 'May 23': None, 'Nov 22': None, 'Nov 23': None, 'Oct 22': None, 'Oct 23': None, 'Sep 22': None, 'Sep 23': None}
Audi|A4|{'Aug 22': None, 'Aug 23': None, 'Dec 22': None, 'Dec 23': None, 'Feb 23': None, 'Feb 24': None, 'Jan 23': None, 'Jan 24': None, 'Jul 22': None, 'Jul 23': None, 'Jun 22': None, 'Jun 23': None, 'Mar 23': None, 'Mar 24': None, 'May 22': None, 'May 23': None, 'Nov 22': None, 'Nov 23': None, 'Oct 22': None, 'Oct 23': None, 'Sep 22': None, 'Sep 23': None}
Land Rover|Range Rover|{'Aug 22': None, 'Aug 23': None, 'Dec 22': None, 'Dec 23': None, 'Feb 23': None, 'Feb 24': None, 'Jan 23': None, 'Jan 24': None, 'Jul 22': None, 'Jul 23': None, 'Jun 22': None, 'Jun 23': None, 'Mar 23': None, 'Mar 24': None, 'May 22': None, 'May 23': None, 'Nov 22': None, 'Nov 23': None, 'Oct 22': None, 'Oct 23': None, 'Sep 22': None, 'Sep 23': None}
Land Rover|Discovery Sport|{'Aug 22': None, 'Aug 23': None, 'Dec 22': None, 'Dec 23': None, 'Feb 23': None, 'Feb 24': None, 'Jan 23': None, 'Jan 24': None, 'Jul 22': None, 'Jul 23': None, 'Jun 22': None, 'Jun 23': None, 'Mar 23': None, 'Mar 24': None, 'May 22': None, 'May 23': None, 'Nov 22': None, 'Nov 23': None, 'Oct 22': None, 'Oct 23': None, 'Sep 22': None, 'Sep 23': None}
Land Rover|Range Rover Sport|{'Aug 22': None, 'Aug 23': None, 'Dec 22': None, 'Dec 23': None, 'Feb 23': None, 'Feb 24': None, 'Jan 23': None, 'Jan 24': None, 'Jul 22': None, 'Jul 23': None, 'Jun 22': None, 'Jun 23': None, 'Mar 23': None, 'Mar 24': None, 'May 22': None, 'May 23': None, 'Nov 22': None, 'Nov 23': None, 'Oct 22': None, 'Oct 23': None, 'Sep 22': None, 'Sep 23': None}
Land Rover|Discovery|{'Aug 22': None, 'Aug 23': None, 'Dec 22': None, 'Dec 23': None, 'Feb 23': None, 'Feb 24': None, 'Jan 23': None, 'Jan 24': None, 'Jul 22': None, 'Jul 23': None, 'Jun 22': None, 'Jun 23': None, 'Mar 23': None, 'Mar 24': None, 'May 22': None, 'May 23': None, 'Nov 22': None, 'Nov 23': None, 'Oct 22': None, 'Oct 23': None, 'Sep 22': None, 'Sep 23': None}
Jeep|Wrangler|{'Aug 22': None, 'Aug 23': None, 'Dec 22': None, 'Dec 23': None, 'Feb 23': None, 'Feb 24': None, 'Jan 23': None, 'Jan 24': None, 'Jul 22': None, 'Jul 23': None, 'Jun 22': None, 'Jun 23': None, 'Mar 23': None, 'Mar 24': None, 'May 22': None, 'May 23': None, 'Nov 22': None, 'Nov 23': None, 'Oct 22': None, 'Oct 23': None, 'Sep 22': None, 'Sep 23': None}
Jeep|Compass|{'Aug 22': 921, 'Aug 23': 172, 'Dec 22': 484, 'Dec 23': 246, 'Feb 23': 406, 'Feb 24': 204, 'Jan 23': 485, 'Jan 24': 286, 'Jul 22': 710, 'Jul 23': 277, 'Jun 22': 892, 'Jun 23': 211, 'Mar 23': 395, 'Mar 24': 329, 'May 22': 928, 'May 23': 316, 'Nov 22': 550, 'Nov 23': 216, 'Oct 22': 732, 'Oct 23': 398, 'Sep 22': 609, 'Sep 23': 391}
Volkswagen|Tiguan|{'Aug 22': 155, 'Aug 23': 91, 'Dec 22': 130, 'Dec 23': 275, 'Feb 23': 93, 'Feb 24': 102, 'Jan 23': 72, 'Jan 24': 113, 'Jul 22': 124, 'Jul 23': 169, 'Jun 22': 60, 'Jun 23': 133, 'Mar 23': 132, 'Mar 24': 94, 'May 22': 54, 'May 23': 171, 'Nov 22': 76, 'Nov 23': 150, 'Oct 22': 83, 'Oct 23': 98, 'Sep 22': 123, 'Sep 23': 191}
Audi|Q3|{'Aug 22': None, 'Aug 23': None, 'Dec 22': None, 'Dec 23': None, 'Feb 23': None, 'Feb 24': None, 'Jan 23': None, 'Jan 24': None, 'Jul 22': None, 'Jul 23': None, 'Jun 22': None, 'Jun 23': None, 'Mar 23': None, 'Mar 24': None, 'May 22': None, 'May 23': None, 'Nov 22': None, 'Nov 23': None, 'Oct 22': None, 'Oct 23': None, 'Sep 22': None, 'Sep 23': None}
Audi|Q3 Sportback|{'Aug 22': None, 'Aug 23': None, 'Dec 22': None, 'Dec 23': None, 'Feb 23': None, 'Feb 24': None, 'Jan 23': None, 'Jan 24': None, 'Jul 22': None, 'Jul 23': None, 'Jun 22': None, 'Jun 23': None, 'Mar 23': None, 'Mar 24': None, 'May 22': None, 'May 23': None, 'Nov 22': None, 'Nov 23': None, 'Oct 22': None, 'Oct 23': None, 'Sep 22': None, 'Sep 23': None}
Jeep|Meridian|{'Aug 22': 400, 'Aug 23': 127, 'Dec 22': 285, 'Dec 23': 190, 'Feb 23': 313, 'Feb 24': 127, 'Jan 23': 200, 'Jan 24': 110, 'Jul 22': 440, 'Jul 23': 164, 'Jun 22': 1071, 'Jun 23': 282, 'Mar 23': 285, 'Mar 24': 96, 'May 22': 0, 'May 23': 418, 'Nov 22': 344, 'Nov 23': 101, 'Oct 22': 404, 'Oct 23': 109, 'Sep 22': 507, 'Sep 23': 90}
Land Rover|Defender|{'Aug 22': None, 'Aug 23': None, 'Dec 22': None, 'Dec 23': None, 'Feb 23': None, 'Feb 24': None, 'Jan 23': None, 'Jan 24': None, 'Jul 22': None, 'Jul 23': None, 'Jun 22': None, 'Jun 23': None, 'Mar 23': None, 'Mar 24': None, 'May 22': None, 'May 23': None, 'Nov 22': None, 'Nov 23': None, 'Oct 22': None, 'Oct 23': None, 'Sep 22': None, 'Sep 23': None}
Audi|RS Q8|{'Aug 22': None, 'Aug 23': None, 'Dec 22': None, 'Dec 23': None, 'Feb 23': None, 'Feb 24': None, 'Jan 23': None, 'Jan 24': None, 'Jul 22': None, 'Jul 23': None, 'Jun 22': None, 'Jun 23': None, 'Mar 23': None, 'Mar 24': None, 'May 22': None, 'May 23': None, 'Nov 22': None, 'Nov 23': None, 'Oct 22': None, 'Oct 23': None, 'Sep 22': None, 'Sep 23': None}
Audi|RS5|{'Aug 22': None, 'Aug 23': None, 'Dec 22': None, 'Dec 23': None, 'Feb 23': None, 'Feb 24': None, 'Jan 23': None, 'Jan 24': None, 'Jul 22': None, 'Jul 23': None, 'Jun 22': None, 'Jun 23': None, 'Mar 23': None, 'Mar 24': None, 'May 22': None, 'May 23': None, 'Nov 22': None, 'Nov 23': None, 'Oct 22': None, 'Oct 23': None, 'Sep 22': None, 'Sep 23': None}
Audi|e-tron|{'Aug 22': None, 'Aug 23': None, 'Dec 22': None, 'Dec 23': None, 'Feb 23': None, 'Feb 24': None, 'Jan 23': None, 'Jan 24': None, 'Jul 22': None, 'Jul 23': None, 'Jun 22': None, 'Jun 23': None, 'Mar 23': None, 'Mar 24': None, 'May 22': None, 'May 23': None, 'Nov 22': None, 'Nov 23': None, 'Oct 22': None, 'Oct 23': None, 'Sep 22': None, 'Sep 23': None}
Audi|Q8|{'Aug 22': None, 'Aug 23': None, 'Dec 22': None, 'Dec 23': None, 'Feb 23': None, 'Feb 24': None, 'Jan 23': None, 'Jan 24': None, 'Jul 22': None, 'Jul 23': None, 'Jun 22': None, 'Jun 23': None, 'Mar 23': None, 'Mar 24': None, 'May 22': None, 'May 23': None, 'Nov 22': None, 'Nov 23': None, 'Oct 22': None, 'Oct 23': None, 'Sep 22': None, 'Sep 23': None}
Volvo|S90|{'Aug 22': None, 'Aug 23': None, 'Dec 22': None, 'Dec 23': None, 'Feb 23': None, 'Feb 24': None, 'Jan 23': None, 'Jan 24': None, 'Jul 22': None, 'Jul 23': None, 'Jun 22': None, 'Jun 23': None, 'Mar 23': None, 'Mar 24': None, 'May 22': None, 'May 23': None, 'Nov 22': None, 'Nov 23': None, 'Oct 22': None, 'Oct 23': None, 'Sep 22': None, 'Sep 23': None}
Audi|A8L|{'Aug 22': None, 'Aug 23': None, 'Dec 22': None, 'Dec 23': None, 'Feb 23': None, 'Feb 24': None, 'Jan 23': None, 'Jan 24': None, 'Jul 22': None, 'Jul 23': None, 'Jun 22': None, 'Jun 23': None, 'Mar 23': None, 'Mar 24': None, 'May 22': None, 'May 23': None, 'Nov 22': None, 'Nov 23': None, 'Oct 22': None, 'Oct 23': None, 'Sep 22': None, 'Sep 23': None}
Volvo|XC60|{'Aug 22': None, 'Aug 23': None, 'Dec 22': None, 'Dec 23': None, 'Feb 23': None, 'Feb 24': None, 'Jan 23': None, 'Jan 24': None, 'Jul 22': None, 'Jul 23': None, 'Jun 22': None, 'Jun 23': None, 'Mar 23': None, 'Mar 24': None, 'May 22': None, 'May 23': None, 'Nov 22': None, 'Nov 23': None, 'Oct 22': None, 'Oct 23': None, 'Sep 22': None, 'Sep 23': None}
Volvo|XC90|{'Aug 22': None, 'Aug 23': None, 'Dec 22': None, 'Dec 23': None, 'Feb 23': None, 'Feb 24': None, 'Jan 23': None, 'Jan 24': None, 'Jul 22': None, 'Jul 23': None, 'Jun 22': None, 'Jun 23': None, 'Mar 23': None, 'Mar 24': None, 'May 22': None, 'May 23': None, 'Nov 22': None, 'Nov 23': None, 'Oct 22': None, 'Oct 23': None, 'Sep 22': None, 'Sep 23': None}
Volvo|XC40 Recharge|{'Aug 22': None, 'Aug 23': None, 'Dec 22': None, 'Dec 23': None, 'Feb 23': None, 'Feb 24': None, 'Jan 23': None, 'Jan 24': None, 'Jul 22': None, 'Jul 23': None, 'Jun 22': None, 'Jun 23': None, 'Mar 23': None, 'Mar 24': None, 'May 22': None, 'May 23': None, 'Nov 22': None, 'Nov 23': None, 'Oct 22': None, 'Oct 23': None, 'Sep 22': None, 'Sep 23': None}
Volvo|C40 Recharge|{'Aug 22': None, 'Aug 23': None, 'Dec 22': None, 'Dec 23': None, 'Feb 23': None, 'Feb 24': None, 'Jan 23': None, 'Jan 24': None, 'Jul 22': None, 'Jul 23': None, 'Jun 22': None, 'Jun 23': None, 'Mar 23': None, 'Mar 24': None, 'May 22': None, 'May 23': None, 'Nov 22': None, 'Nov 23': None, 'Oct 22': None, 'Oct 23': None, 'Sep 22': None, 'Sep 23': None}
Jaguar|F-Type|{'Aug 22': None, 'Aug 23': None, 'Dec 22': None, 'Dec 23': None, 'Feb 23': None, 'Feb 24': None, 'Jan 23': None, 'Jan 24': None, 'Jul 22': None, 'Jul 23': None, 'Jun 22': None, 'Jun 23': None, 'Mar 23': None, 'Mar 24': None, 'May 22': None, 'May 23': None, 'Nov 22': None, 'Nov 23': None, 'Oct 22': None, 'Oct 23': None, 'Sep 22': None, 'Sep 23': None}
Jaguar|I-Pace|{'Aug 22': None, 'Aug 23': None, 'Dec 22': None, 'Dec 23': None, 'Feb 23': None, 'Feb 24': None, 'Jan 23': None, 'Jan 24': None, 'Jul 22': None, 'Jul 23': None, 'Jun 22': None, 'Jun 23': None, 'Mar 23': None, 'Mar 24': None, 'May 22': None, 'May 23': None, 'Nov 22': None, 'Nov 23': None, 'Oct 22': None, 'Oct 23': None, 'Sep 22': None, 'Sep 23': None}
Audi|S5 Sportback|{'Aug 22': None, 'Aug 23': None, 'Dec 22': None, 'Dec 23': None, 'Feb 23': None, 'Feb 24': None, 'Jan 23': None, 'Jan 24': None, 'Jul 22': None, 'Jul 23': None, 'Jun 22': None, 'Jun 23': None, 'Mar 23': None, 'Mar 24': None, 'May 22': None, 'May 23': None, 'Nov 22': None, 'Nov 23': None, 'Oct 22': None, 'Oct 23': None, 'Sep 22': None, 'Sep 23': None}
Audi|Q5|{'Aug 22': None, 'Aug 23': None, 'Dec 22': None, 'Dec 23': None, 'Feb 23': None, 'Feb 24': None, 'Jan 23': None, 'Jan 24': None, 'Jul 22': None, 'Jul 23': None, 'Jun 22': None, 'Jun 23': None, 'Mar 23': None, 'Mar 24': None, 'May 22': None, 'May 23': None, 'Nov 22': None, 'Nov 23': None, 'Oct 22': None, 'Oct 23': None, 'Sep 22': None, 'Sep 23': None}
Jaguar|F-Pace|{'Aug 22': None, 'Aug 23': None, 'Dec 22': None, 'Dec 23': None, 'Feb 23': None, 'Feb 24': None, 'Jan 23': None, 'Jan 24': None, 'Jul 22': None, 'Jul 23': None, 'Jun 22': None, 'Jun 23': None, 'Mar 23': None, 'Mar 24': None, 'May 22': None, 'May 23': None, 'Nov 22': None, 'Nov 23': None, 'Oct 22': None, 'Oct 23': None, 'Sep 22': None, 'Sep 23': None}
Audi|Q7|{'Aug 22': None, 'Aug 23': None, 'Dec 22': None, 'Dec 23': None, 'Feb 23': None, 'Feb 24': None, 'Jan 23': None, 'Jan 24': None, 'Jul 22': None, 'Jul 23': None, 'Jun 22': None, 'Jun 23': None, 'Mar 23': None, 'Mar 24': None, 'May 22': None, 'May 23': None, 'Nov 22': None, 'Nov 23': None, 'Oct 22': None, 'Oct 23': None, 'Sep 22': None, 'Sep 23': None}
Audi|Q8 e-tron|{'Aug 22': None, 'Aug 23': None, 'Dec 22': None, 'Dec 23': None, 'Feb 23': None, 'Feb 24': None, 'Jan 23': None, 'Jan 24': None, 'Jul 22': None, 'Jul 23': None, 'Jun 22': None, 'Jun 23': None, 'Mar 23': None, 'Mar 24': None, 'May 22': None, 'May 23': None, 'Nov 22': None, 'Nov 23': None, 'Oct 22': None, 'Oct 23': None, 'Sep 22': None, 'Sep 23': None}
Porsche|Macan|{'Aug 22': None, 'Aug 23': None, 'Dec 22': None, 'Dec 23': None, 'Feb 23': None, 'Feb 24': None, 'Jan 23': None, 'Jan 24': None, 'Jul 22': None, 'Jul 23': None, 'Jun 22': None, 'Jun 23': None, 'Mar 23': None, 'Mar 24': None, 'May 22': None, 'May 23': None, 'Nov 22': None, 'Nov 23': None, 'Oct 22': None, 'Oct 23': None, 'Sep 22': None, 'Sep 23': None}
Porsche|Cayenne|{'Aug 22': None, 'Aug 23': None, 'Dec 22': None, 'Dec 23': None, 'Feb 23': None, 'Feb 24': None, 'Jan 23': None, 'Jan 24': None, 'Jul 22': None, 'Jul 23': None, 'Jun 22': None, 'Jun 23': None, 'Mar 23': None, 'Mar 24': None, 'May 22': None, 'May 23': None, 'Nov 22': None, 'Nov 23': None, 'Oct 22': None, 'Oct 23': None, 'Sep 22': None, 'Sep 23': None}
Porsche|Cayenne Coupe|{'Aug 22': None, 'Aug 23': None, 'Dec 22': None, 'Dec 23': None, 'Feb 23': None, 'Feb 24': None, 'Jan 23': None, 'Jan 24': None, 'Jul 22': None, 'Jul 23': None, 'Jun 22': None, 'Jun 23': None, 'Mar 23': None, 'Mar 24': None, 'May 22': None, 'May 23': None, 'Nov 22': None, 'Nov 23': None, 'Oct 22': None, 'Oct 23': None, 'Sep 22': None, 'Sep 23': None}
Citroen|C3|{'Aug 22': 825, 'Aug 23': 250, 'Dec 22': 913, 'Dec 23': 309, 'Feb 23': 111, 'Feb 24': 211, 'Jan 23': 788, 'Jan 24': 234, 'Jul 22': 550, 'Jul 23': 331, 'Jun 22': 60, 'Jun 23': 867, 'Mar 23': 1075, 'Mar 24': 265, 'May 22': 0, 'May 23': 600, 'Nov 22': 804, 'Nov 23': 265, 'Oct 22': 1180, 'Oct 23': 222, 'Sep 22': 1354, 'Sep 23': 179}
Citroen|eC3|{'Aug 22': 0, 'Aug 23': 271, 'Dec 22': 0, 'Dec 23': 0, 'Feb 23': 213, 'Feb 24': 83, 'Jan 23': 0, 'Jan 24': 184, 'Jul 22': 0, 'Jul 23': 49, 'Jun 22': 0, 'Jun 23': 124, 'Mar 23': 888, 'Mar 24': 530, 'May 22': 0, 'May 23': 200, 'Nov 22': 0, 'Nov 23': 18, 'Oct 22': 0, 'Oct 23': 179, 'Sep 22': 0, 'Sep 23': 166}
Lamborghini|Urus|{'Aug 22': None, 'Aug 23': None, 'Dec 22': None, 'Dec 23': None, 'Feb 23': None, 'Feb 24': None, 'Jan 23': None, 'Jan 24': None, 'Jul 22': None, 'Jul 23': None, 'Jun 22': None, 'Jun 23': None, 'Mar 23': None, 'Mar 24': None, 'May 22': None, 'May 23': None, 'Nov 22': None, 'Nov 23': None, 'Oct 22': None, 'Oct 23': None, 'Sep 22': None, 'Sep 23': None}
Citroen|C5 Aircross|{'Aug 22': 25, 'Aug 23': 4, 'Dec 22': 19, 'Dec 23': 2, 'Feb 23': 4, 'Feb 24': 0, 'Jan 23': 16, 'Jan 24': 1, 'Jul 22': 25, 'Jul 23': 8, 'Jun 22': 17, 'Jun 23': 12, 'Mar 23': 52, 'Mar 24': 0, 'May 22': 24, 'May 23': 6, 'Nov 22': 21, 'Nov 23': 5, 'Oct 22': 15, 'Oct 23': 5, 'Sep 22': 32, 'Sep 23': 3}
Porsche|Panamera|{'Aug 22': None, 'Aug 23': None, 'Dec 22': None, 'Dec 23': None, 'Feb 23': None, 'Feb 24': None, 'Jan 23': None, 'Jan 24': None, 'Jul 22': None, 'Jul 23': None, 'Jun 22': None, 'Jun 23': None, 'Mar 23': None, 'Mar 24': None, 'May 22': None, 'May 23': None, 'Nov 22': None, 'Nov 23': None, 'Oct 22': None, 'Oct 23': None, 'Sep 22': None, 'Sep 23': None}
Lamborghini|Revuelto|{'Aug 22': None, 'Aug 23': None, 'Dec 22': None, 'Dec 23': None, 'Feb 23': None, 'Feb 24': None, 'Jan 23': None, 'Jan 24': None, 'Jul 22': None, 'Jul 23': None, 'Jun 22': None, 'Jun 23': None, 'Mar 23': None, 'Mar 24': None, 'May 22': None, 'May 23': None, 'Nov 22': None, 'Nov 23': None, 'Oct 22': None, 'Oct 23': None, 'Sep 22': None, 'Sep 23': None}
Porsche|718|{'Aug 22': None, 'Aug 23': None, 'Dec 22': None, 'Dec 23': None, 'Feb 23': None, 'Feb 24': None, 'Jan 23': None, 'Jan 24': None, 'Jul 22': None, 'Jul 23': None, 'Jun 22': None, 'Jun 23': None, 'Mar 23': None, 'Mar 24': None, 'May 22': None, 'May 23': None, 'Nov 22': None, 'Nov 23': None, 'Oct 22': None, 'Oct 23': None, 'Sep 22': None, 'Sep 23': None}
BYD Auto|Atto 3|{'Aug 22': None, 'Aug 23': None, 'Dec 22': None, 'Dec 23': None, 'Feb 23': None, 'Feb 24': None, 'Jan 23': None, 'Jan 24': None, 'Jul 22': None, 'Jul 23': None, 'Jun 22': None, 'Jun 23': None, 'Mar 23': None, 'Mar 24': None, 'May 22': None, 'May 23': None, 'Nov 22': None, 'Nov 23': None, 'Oct 22': None, 'Oct 23': None, 'Sep 22': None, 'Sep 23': None}
Lamborghini|Huracan EVO|{'Aug 22': None, 'Aug 23': None, 'Dec 22': None, 'Dec 23': None, 'Feb 23': None, 'Feb 24': None, 'Jan 23': None, 'Jan 24': None, 'Jul 22': None, 'Jul 23': None, 'Jun 22': None, 'Jun 23': None, 'Mar 23': None, 'Mar 24': None, 'May 22': None, 'May 23': None, 'Nov 22': None, 'Nov 23': None, 'Oct 22': None, 'Oct 23': None, 'Sep 22': None, 'Sep 23': None}
Renault|Triber|{'Aug 22': 2667, 'Aug 23': 1821, 'Dec 22': 2203, 'Dec 23': 665, 'Feb 23': 3056, 'Feb 24': 2205, 'Jan 23': 1796, 'Jan 24': 2220, 'Jul 22': 3202, 'Jul 23': 1802, 'Jun 22': 3346, 'Jun 23': 2257, 'Mar 23': 2538, 'Mar 24': 2247, 'May 22': 2110, 'May 23': 2115, 'Nov 22': 2550, 'Nov 23': 1312, 'Oct 22': 3199, 'Oct 23': 2080, 'Sep 22': 3087, 'Sep 23': 1642}
Nissan|Magnite|{'Aug 22': 3194, 'Aug 23': 2258, 'Dec 22': 2020, 'Dec 23': 2150, 'Feb 23': 2184, 'Feb 24': 2755, 'Jan 23': 2803, 'Jan 24': 2863, 'Jul 22': 3583, 'Jul 23': 2152, 'Jun 22': 3331, 'Jun 23': 2552, 'Mar 23': 3260, 'Mar 24': 2701, 'May 22': 1920, 'May 23': 2618, 'Nov 22': 2397, 'Nov 23': 2454, 'Oct 22': 2819, 'Oct 23': 2573, 'Sep 22': 3069, 'Sep 23': 2454}
Porsche|Taycan|{'Aug 22': None, 'Aug 23': None, 'Dec 22': None, 'Dec 23': None, 'Feb 23': None, 'Feb 24': None, 'Jan 23': None, 'Jan 24': None, 'Jul 22': None, 'Jul 23': None, 'Jun 22': None, 'Jun 23': None, 'Mar 23': None, 'Mar 24': None, 'May 22': None, 'May 23': None, 'Nov 22': None, 'Nov 23': None, 'Oct 22': None, 'Oct 23': None, 'Sep 22': None, 'Sep 23': None}
Lexus|LC 500h|{'Aug 22': None, 'Aug 23': None, 'Dec 22': None, 'Dec 23': None, 'Feb 23': None, 'Feb 24': None, 'Jan 23': None, 'Jan 24': None, 'Jul 22': None, 'Jul 23': None, 'Jun 22': None, 'Jun 23': None, 'Mar 23': None, 'Mar 24': None, 'May 22': None, 'May 23': None, 'Nov 22': None, 'Nov 23': None, 'Oct 22': None, 'Oct 23': None, 'Sep 22': None, 'Sep 23': None}
Lexus|ES|{'Aug 22': None, 'Aug 23': None, 'Dec 22': None, 'Dec 23': None, 'Feb 23': None, 'Feb 24': None, 'Jan 23': None, 'Jan 24': None, 'Jul 22': None, 'Jul 23': None, 'Jun 22': None, 'Jun 23': None, 'Mar 23': None, 'Mar 24': None, 'May 22': None, 'May 23': None, 'Nov 22': None, 'Nov 23': None, 'Oct 22': None, 'Oct 23': None, 'Sep 22': None, 'Sep 23': None}
Lexus|LS 500h|{'Aug 22': None, 'Aug 23': None, 'Dec 22': None, 'Dec 23': None, 'Feb 23': None, 'Feb 24': None, 'Jan 23': None, 'Jan 24': None, 'Jul 22': None, 'Jul 23': None, 'Jun 22': None, 'Jun 23': None, 'Mar 23': None, 'Mar 24': None, 'May 22': None, 'May 23': None, 'Nov 22': None, 'Nov 23': None, 'Oct 22': None, 'Oct 23': None, 'Sep 22': None, 'Sep 23': None}
Rolls-Royce|Cullinan|{'Aug 22': None, 'Aug 23': None, 'Dec 22': None, 'Dec 23': None, 'Feb 23': None, 'Feb 24': None, 'Jan 23': None, 'Jan 24': None, 'Jul 22': None, 'Jul 23': None, 'Jun 22': None, 'Jun 23': None, 'Mar 23': None, 'Mar 24': None, 'May 22': None, 'May 23': None, 'Nov 22': None, 'Nov 23': None, 'Oct 22': None, 'Oct 23': None, 'Sep 22': None, 'Sep 23': None}
Lexus|NX|{'Aug 22': None, 'Aug 23': None, 'Dec 22': None, 'Dec 23': None, 'Feb 23': None, 'Feb 24': None, 'Jan 23': None, 'Jan 24': None, 'Jul 22': None, 'Jul 23': None, 'Jun 22': None, 'Jun 23': None, 'Mar 23': None, 'Mar 24': None, 'May 22': None, 'May 23': None, 'Nov 22': None, 'Nov 23': None, 'Oct 22': None, 'Oct 23': None, 'Sep 22': None, 'Sep 23': None}
Lexus|RX|{'Aug 22': None, 'Aug 23': None, 'Dec 22': None, 'Dec 23': None, 'Feb 23': None, 'Feb 24': None, 'Jan 23': None, 'Jan 24': None, 'Jul 22': None, 'Jul 23': None, 'Jun 22': None, 'Jun 23': None, 'Mar 23': None, 'Mar 24': None, 'May 22': None, 'May 23': None, 'Nov 22': None, 'Nov 23': None, 'Oct 22': None, 'Oct 23': None, 'Sep 22': None, 'Sep 23': None}
Lexus|LM 350h|{'Aug 22': None, 'Aug 23': None, 'Dec 22': None, 'Dec 23': None, 'Feb 23': None, 'Feb 24': None, 'Jan 23': None, 'Jan 24': None, 'Jul 22': None, 'Jul 23': None, 'Jun 22': None, 'Jun 23': None, 'Mar 23': None, 'Mar 24': None, 'May 22': None, 'May 23': None, 'Nov 22': None, 'Nov 23': None, 'Oct 22': None, 'Oct 23': None, 'Sep 22': None, 'Sep 23': None}
Mini|Cooper SE|{'Aug 22': None, 'Aug 23': None, 'Dec 22': None, 'Dec 23': None, 'Feb 23': None, 'Feb 24': None, 'Jan 23': None, 'Jan 24': None, 'Jul 22': None, 'Jul 23': None, 'Jun 22': None, 'Jun 23': None, 'Mar 23': None, 'Mar 24': None, 'May 22': None, 'May 23': None, 'Nov 22': None, 'Nov 23': None, 'Oct 22': None, 'Oct 23': None, 'Sep 22': None, 'Sep 23': None}
Rolls-Royce|Phantom|{'Aug 22': None, 'Aug 23': None, 'Dec 22': None, 'Dec 23': None, 'Feb 23': None, 'Feb 24': None, 'Jan 23': None, 'Jan 24': None, 'Jul 22': None, 'Jul 23': None, 'Jun 22': None, 'Jun 23': None, 'Mar 23': None, 'Mar 24': None, 'May 22': None, 'May 23': None, 'Nov 22': None, 'Nov 23': None, 'Oct 22': None, 'Oct 23': None, 'Sep 22': None, 'Sep 23': None}
BYD Auto|Seal EV|{'Aug 22': None, 'Aug 23': None, 'Dec 22': None, 'Dec 23': None, 'Feb 23': None, 'Feb 24': None, 'Jan 23': None, 'Jan 24': None, 'Jul 22': None, 'Jul 23': None, 'Jun 22': None, 'Jun 23': None, 'Mar 23': None, 'Mar 24': None, 'May 22': None, 'May 23': None, 'Nov 22': None, 'Nov 23': None, 'Oct 22': None, 'Oct 23': None, 'Sep 22': None, 'Sep 23': None}
Rolls-Royce|Ghost|{'Aug 22': None, 'Aug 23': None, 'Dec 22': None, 'Dec 23': None, 'Feb 23': None, 'Feb 24': None, 'Jan 23': None, 'Jan 24': None, 'Jul 22': None, 'Jul 23': None, 'Jun 22': None, 'Jun 23': None, 'Mar 23': None, 'Mar 24': None, 'May 22': None, 'May 23': None, 'Nov 22': None, 'Nov 23': None, 'Oct 22': None, 'Oct 23': None, 'Sep 22': None, 'Sep 23': None}
Rolls-Royce|Wraith|{'Aug 22': None, 'Aug 23': None, 'Dec 22': None, 'Dec 23': None, 'Feb 23': None, 'Feb 24': None, 'Jan 23': None, 'Jan 24': None, 'Jul 22': None, 'Jul 23': None, 'Jun 22': None, 'Jun 23': None, 'Mar 23': None, 'Mar 24': None, 'May 22': None, 'May 23': None, 'Nov 22': None, 'Nov 23': None, 'Oct 22': None, 'Oct 23': None, 'Sep 22': None, 'Sep 23': None}
Rolls-Royce|Dawn|{'Aug 22': None, 'Aug 23': None, 'Dec 22': None, 'Dec 23': None, 'Feb 23': None, 'Feb 24': None, 'Jan 23': None, 'Jan 24': None, 'Jul 22': None, 'Jul 23': None, 'Jun 22': None, 'Jun 23': None, 'Mar 23': None, 'Mar 24': None, 'May 22': None, 'May 23': None, 'Nov 22': None, 'Nov 23': None, 'Oct 22': None, 'Oct 23': None, 'Sep 22': None, 'Sep 23': None}
Mini|Cooper Countryman|{'Aug 22': None, 'Aug 23': None, 'Dec 22': None, 'Dec 23': None, 'Feb 23': None, 'Feb 24': None, 'Jan 23': None, 'Jan 24': None, 'Jul 22': None, 'Jul 23': None, 'Jun 22': None, 'Jun 23': None, 'Mar 23': None, 'Mar 24': None, 'May 22': None, 'May 23': None, 'Nov 22': None, 'Nov 23': None, 'Oct 22': None, 'Oct 23': None, 'Sep 22': None, 'Sep 23': None}
Mini|3 Door|{'Aug 22': None, 'Aug 23': None, 'Dec 22': None, 'Dec 23': None, 'Feb 23': None, 'Feb 24': None, 'Jan 23': None, 'Jan 24': None, 'Jul 22': None, 'Jul 23': None, 'Jun 22': None, 'Jun 23': None, 'Mar 23': None, 'Mar 24': None, 'May 22': None, 'May 23': None, 'Nov 22': None, 'Nov 23': None, 'Oct 22': None, 'Oct 23': None, 'Sep 22': None, 'Sep 23': None}
Lexus|LX|{'Aug 22': None, 'Aug 23': None, 'Dec 22': None, 'Dec 23': None, 'Feb 23': None, 'Feb 24': None, 'Jan 23': None, 'Jan 24': None, 'Jul 22': None, 'Jul 23': None, 'Jun 22': None, 'Jun 23': None, 'Mar 23': None, 'Mar 24': None, 'May 22': None, 'May 23': None, 'Nov 22': None, 'Nov 23': None, 'Oct 22': None, 'Oct 23': None, 'Sep 22': None, 'Sep 23': None}
Renault|Kiger|{'Aug 22': 2641, 'Aug 23': 929, 'Dec 22': 2096, 'Dec 23': 865, 'Feb 23': 1802, 'Feb 24': 1047, 'Jan 23': 1153, 'Jan 24': 750, 'Jul 22': 2597, 'Jul 23': 1043, 'Jun 22': 3411, 'Jun 23': 1844, 'Mar 23': 1568, 'Mar 24': 1050, 'May 22': 1380, 'May 23': 1713, 'Nov 22': 2278, 'Nov 23': 530, 'Oct 22': 2685, 'Oct 23': 912, 'Sep 22': 2535, 'Sep 23': 980}
Ferrari|F8 Tributo|{'Aug 22': None, 'Aug 23': None, 'Dec 22': None, 'Dec 23': None, 'Feb 23': None, 'Feb 24': None, 'Jan 23': None, 'Jan 24': None, 'Jul 22': None, 'Jul 23': None, 'Jun 22': None, 'Jun 23': None, 'Mar 23': None, 'Mar 24': None, 'May 22': None, 'May 23': None, 'Nov 22': None, 'Nov 23': None, 'Oct 22': None, 'Oct 23': None, 'Sep 22': None, 'Sep 23': None}
Ferrari|SF90 Stradale|{'Aug 22': None, 'Aug 23': None, 'Dec 22': None, 'Dec 23': None, 'Feb 23': None, 'Feb 24': None, 'Jan 23': None, 'Jan 24': None, 'Jul 22': None, 'Jul 23': None, 'Jun 22': None, 'Jun 23': None, 'Mar 23': None, 'Mar 24': None, 'May 22': None, 'May 23': None, 'Nov 22': None, 'Nov 23': None, 'Oct 22': None, 'Oct 23': None, 'Sep 22': None, 'Sep 23': None}
Ferrari|812|{'Aug 22': None, 'Aug 23': None, 'Dec 22': None, 'Dec 23': None, 'Feb 23': None, 'Feb 24': None, 'Jan 23': None, 'Jan 24': None, 'Jul 22': None, 'Jul 23': None, 'Jun 22': None, 'Jun 23': None, 'Mar 23': None, 'Mar 24': None, 'May 22': None, 'May 23': None, 'Nov 22': None, 'Nov 23': None, 'Oct 22': None, 'Oct 23': None, 'Sep 22': None, 'Sep 23': None}
Maserati|Quattroporte|{'Aug 22': None, 'Aug 23': None, 'Dec 22': None, 'Dec 23': None, 'Feb 23': None, 'Feb 24': None, 'Jan 23': None, 'Jan 24': None, 'Jul 22': None, 'Jul 23': None, 'Jun 22': None, 'Jun 23': None, 'Mar 23': None, 'Mar 24': None, 'May 22': None, 'May 23': None, 'Nov 22': None, 'Nov 23': None, 'Oct 22': None, 'Oct 23': None, 'Sep 22': None, 'Sep 23': None}
Isuzu|S-Cab|{'Aug 22': None, 'Aug 23': None, 'Dec 22': None, 'Dec 23': None, 'Feb 23': None, 'Feb 24': None, 'Jan 23': None, 'Jan 24': None, 'Jul 22': None, 'Jul 23': None, 'Jun 22': None, 'Jun 23': None, 'Mar 23': None, 'Mar 24': None, 'May 22': None, 'May 23': None, 'Nov 22': None, 'Nov 23': None, 'Oct 22': None, 'Oct 23': None, 'Sep 22': None, 'Sep 23': None}
Maserati|Ghibli|{'Aug 22': None, 'Aug 23': None, 'Dec 22': None, 'Dec 23': None, 'Feb 23': None, 'Feb 24': None, 'Jan 23': None, 'Jan 24': None, 'Jul 22': None, 'Jul 23': None, 'Jun 22': None, 'Jun 23': None, 'Mar 23': None, 'Mar 24': None, 'May 22': None, 'May 23': None, 'Nov 22': None, 'Nov 23': None, 'Oct 22': None, 'Oct 23': None, 'Sep 22': None, 'Sep 23': None}
Isuzu|Hi-Lander|{'Aug 22': None, 'Aug 23': None, 'Dec 22': None, 'Dec 23': None, 'Feb 23': None, 'Feb 24': None, 'Jan 23': None, 'Jan 24': None, 'Jul 22': None, 'Jul 23': None, 'Jun 22': None, 'Jun 23': None, 'Mar 23': None, 'Mar 24': None, 'May 22': None, 'May 23': None, 'Nov 22': None, 'Nov 23': None, 'Oct 22': None, 'Oct 23': None, 'Sep 22': None, 'Sep 23': None}
Maserati|GranTurismo|{'Aug 22': None, 'Aug 23': None, 'Dec 22': None, 'Dec 23': None, 'Feb 23': None, 'Feb 24': None, 'Jan 23': None, 'Jan 24': None, 'Jul 22': None, 'Jul 23': None, 'Jun 22': None, 'Jun 23': None, 'Mar 23': None, 'Mar 24': None, 'May 22': None, 'May 23': None, 'Nov 22': None, 'Nov 23': None, 'Oct 22': None, 'Oct 23': None, 'Sep 22': None, 'Sep 23': None}
Maserati|GranCabrio|{'Aug 22': None, 'Aug 23': None, 'Dec 22': None, 'Dec 23': None, 'Feb 23': None, 'Feb 24': None, 'Jan 23': None, 'Jan 24': None, 'Jul 22': None, 'Jul 23': None, 'Jun 22': None, 'Jun 23': None, 'Mar 23': None, 'Mar 24': None, 'May 22': None, 'May 23': None, 'Nov 22': None, 'Nov 23': None, 'Oct 22': None, 'Oct 23': None, 'Sep 22': None, 'Sep 23': None}
Isuzu|V-Cross|{'Aug 22': None, 'Aug 23': None, 'Dec 22': None, 'Dec 23': None, 'Feb 23': None, 'Feb 24': None, 'Jan 23': None, 'Jan 24': None, 'Jul 22': None, 'Jul 23': None, 'Jun 22': None, 'Jun 23': None, 'Mar 23': None, 'Mar 24': None, 'May 22': None, 'May 23': None, 'Nov 22': None, 'Nov 23': None, 'Oct 22': None, 'Oct 23': None, 'Sep 22': None, 'Sep 23': None}
Isuzu|MU-X|{'Aug 22': None, 'Aug 23': None, 'Dec 22': None, 'Dec 23': None, 'Feb 23': None, 'Feb 24': None, 'Jan 23': None, 'Jan 24': None, 'Jul 22': None, 'Jul 23': None, 'Jun 22': None, 'Jun 23': None, 'Mar 23': None, 'Mar 24': None, 'May 22': None, 'May 23': None, 'Nov 22': None, 'Nov 23': None, 'Oct 22': None, 'Oct 23': None, 'Sep 22': None, 'Sep 23': None}
Isuzu|D-Max|{'Aug 22': None, 'Aug 23': None, 'Dec 22': None, 'Dec 23': None, 'Feb 23': None, 'Feb 24': None, 'Jan 23': None, 'Jan 24': None, 'Jul 22': None, 'Jul 23': None, 'Jun 22': None, 'Jun 23': None, 'Mar 23': None, 'Mar 24': None, 'May 22': None, 'May 23': None, 'Nov 22': None, 'Nov 23': None, 'Oct 22': None, 'Oct 23': None, 'Sep 22': None, 'Sep 23': None}
Mclaren|GT|{'Aug 22': None, 'Aug 23': None, 'Dec 22': None, 'Dec 23': None, 'Feb 23': None, 'Feb 24': None, 'Jan 23': None, 'Jan 24': None, 'Jul 22': None, 'Jul 23': None, 'Jun 22': None, 'Jun 23': None, 'Mar 23': None, 'Mar 24': None, 'May 22': None, 'May 23': None, 'Nov 22': None, 'Nov 23': None, 'Oct 22': None, 'Oct 23': None, 'Sep 22': None, 'Sep 23': None}
Mclaren|750S|{'Aug 22': None, 'Aug 23': None, 'Dec 22': None, 'Dec 23': None, 'Feb 23': None, 'Feb 24': None, 'Jan 23': None, 'Jan 24': None, 'Jul 22': None, 'Jul 23': None, 'Jun 22': None, 'Jun 23': None, 'Mar 23': None, 'Mar 24': None, 'May 22': None, 'May 23': None, 'Nov 22': None, 'Nov 23': None, 'Oct 22': None, 'Oct 23': None, 'Sep 22': None, 'Sep 23': None}
Force|Gurkha|{'Aug 22': None, 'Aug 23': None, 'Dec 22': None, 'Dec 23': None, 'Feb 23': None, 'Feb 24': None, 'Jan 23': None, 'Jan 24': None, 'Jul 22': None, 'Jul 23': None, 'Jun 22': None, 'Jun 23': None, 'Mar 23': None, 'Mar 24': None, 'May 22': None, 'May 23': None, 'Nov 22': None, 'Nov 23': None, 'Oct 22': None, 'Oct 23': None, 'Sep 22': None, 'Sep 23': None}
Force|Gurkha 5 Door|{'Aug 22': None, 'Aug 23': None, 'Dec 22': None, 'Dec 23': None, 'Feb 23': None, 'Feb 24': None, 'Jan 23': None, 'Jan 24': None, 'Jul 22': None, 'Jul 23': None, 'Jun 22': None, 'Jun 23': None, 'Mar 23': None, 'Mar 24': None, 'May 22': None, 'May 23': None, 'Nov 22': None, 'Nov 23': None, 'Oct 22': None, 'Oct 23': None, 'Sep 22': None, 'Sep 23': None}
Ferrari|Roma|{'Aug 22': None, 'Aug 23': None, 'Dec 22': None, 'Dec 23': None, 'Feb 23': None, 'Feb 24': None, 'Jan 23': None, 'Jan 24': None, 'Jul 22': None, 'Jul 23': None, 'Jun 22': None, 'Jun 23': None, 'Mar 23': None, 'Mar 24': None, 'May 22': None, 'May 23': None, 'Nov 22': None, 'Nov 23': None, 'Oct 22': None, 'Oct 23': None, 'Sep 22': None, 'Sep 23': None}
Ferrari|296 GTB|{'Aug 22': None, 'Aug 23': None, 'Dec 22': None, 'Dec 23': None, 'Feb 23': None, 'Feb 24': None, 'Jan 23': None, 'Jan 24': None, 'Jul 22': None, 'Jul 23': None, 'Jun 22': None, 'Jun 23': None, 'Mar 23': None, 'Mar 24': None, 'May 22': None, 'May 23': None, 'Nov 22': None, 'Nov 23': None, 'Oct 22': None, 'Oct 23': None, 'Sep 22': None, 'Sep 23': None}
Mercedes-Benz|G-Class|{'Aug 22': None, 'Aug 23': None, 'Dec 22': None, 'Dec 23': None, 'Feb 23': None, 'Feb 24': None, 'Jan 23': None, 'Jan 24': None, 'Jul 22': None, 'Jul 23': None, 'Jun 22': None, 'Jun 23': None, 'Mar 23': None, 'Mar 24': None, 'May 22': None, 'May 23': None, 'Nov 22': None, 'Nov 23': None, 'Oct 22': None, 'Oct 23': None, 'Sep 22': None, 'Sep 23': None}
Aston Martin|DBX|{'Aug 22': None, 'Aug 23': None, 'Dec 22': None, 'Dec 23': None, 'Feb 23': None, 'Feb 24': None, 'Jan 23': None, 'Jan 24': None, 'Jul 22': None, 'Jul 23': None, 'Jun 22': None, 'Jun 23': None, 'Mar 23': None, 'Mar 24': None, 'May 22': None, 'May 23': None, 'Nov 22': None, 'Nov 23': None, 'Oct 22': None, 'Oct 23': None, 'Sep 22': None, 'Sep 23': None}
Mercedes-Benz|C-Class|{'Aug 22': None, 'Aug 23': None, 'Dec 22': None, 'Dec 23': None, 'Feb 23': None, 'Feb 24': None, 'Jan 23': None, 'Jan 24': None, 'Jul 22': None, 'Jul 23': None, 'Jun 22': None, 'Jun 23': None, 'Mar 23': None, 'Mar 24': None, 'May 22': None, 'May 23': None, 'Nov 22': None, 'Nov 23': None, 'Oct 22': None, 'Oct 23': None, 'Sep 22': None, 'Sep 23': None}
Mercedes-Benz|GLS|{'Aug 22': None, 'Aug 23': None, 'Dec 22': None, 'Dec 23': None, 'Feb 23': None, 'Feb 24': None, 'Jan 23': None, 'Jan 24': None, 'Jul 22': None, 'Jul 23': None, 'Jun 22': None, 'Jun 23': None, 'Mar 23': None, 'Mar 24': None, 'May 22': None, 'May 23': None, 'Nov 22': None, 'Nov 23': None, 'Oct 22': None, 'Oct 23': None, 'Sep 22': None, 'Sep 23': None}
Mercedes-Benz|A Class Sedan Limousine|{'Aug 22': None, 'Aug 23': None, 'Dec 22': None, 'Dec 23': None, 'Feb 23': None, 'Feb 24': None, 'Jan 23': None, 'Jan 24': None, 'Jul 22': None, 'Jul 23': None, 'Jun 22': None, 'Jun 23': None, 'Mar 23': None, 'Mar 24': None, 'May 22': None, 'May 23': None, 'Nov 22': None, 'Nov 23': None, 'Oct 22': None, 'Oct 23': None, 'Sep 22': None, 'Sep 23': None}
Mercedes-Benz|GLA|{'Aug 22': None, 'Aug 23': None, 'Dec 22': None, 'Dec 23': None, 'Feb 23': None, 'Feb 24': None, 'Jan 23': None, 'Jan 24': None, 'Jul 22': None, 'Jul 23': None, 'Jun 22': None, 'Jun 23': None, 'Mar 23': None, 'Mar 24': None, 'May 22': None, 'May 23': None, 'Nov 22': None, 'Nov 23': None, 'Oct 22': None, 'Oct 23': None, 'Sep 22': None, 'Sep 23': None}
Mercedes-Benz|GLC|{'Aug 22': None, 'Aug 23': None, 'Dec 22': None, 'Dec 23': None, 'Feb 23': None, 'Feb 24': None, 'Jan 23': None, 'Jan 24': None, 'Jul 22': None, 'Jul 23': None, 'Jun 22': None, 'Jun 23': None, 'Mar 23': None, 'Mar 24': None, 'May 22': None, 'May 23': None, 'Nov 22': None, 'Nov 23': None, 'Oct 22': None, 'Oct 23': None, 'Sep 22': None, 'Sep 23': None}
Mercedes-Benz|Maybach S-Class|{'Aug 22': None, 'Aug 23': None, 'Dec 22': None, 'Dec 23': None, 'Feb 23': None, 'Feb 24': None, 'Jan 23': None, 'Jan 24': None, 'Jul 22': None, 'Jul 23': None, 'Jun 22': None, 'Jun 23': None, 'Mar 23': None, 'Mar 24': None, 'May 22': None, 'May 23': None, 'Nov 22': None, 'Nov 23': None, 'Oct 22': None, 'Oct 23': None, 'Sep 22': None, 'Sep 23': None}
Mercedes-Benz|E-Class|{'Aug 22': None, 'Aug 23': None, 'Dec 22': None, 'Dec 23': None, 'Feb 23': None, 'Feb 24': None, 'Jan 23': None, 'Jan 24': None, 'Jul 22': None, 'Jul 23': None, 'Jun 22': None, 'Jun 23': None, 'Mar 23': None, 'Mar 24': None, 'May 22': None, 'May 23': None, 'Nov 22': None, 'Nov 23': None, 'Oct 22': None, 'Oct 23': None, 'Sep 22': None, 'Sep 23': None}
Mercedes-Benz|GLE-Class|{'Aug 22': None, 'Aug 23': None, 'Dec 22': None, 'Dec 23': None, 'Feb 23': None, 'Feb 24': None, 'Jan 23': None, 'Jan 24': None, 'Jul 22': None, 'Jul 23': None, 'Jun 22': None, 'Jun 23': None, 'Mar 23': None, 'Mar 24': None, 'May 22': None, 'May 23': None, 'Nov 22': None, 'Nov 23': None, 'Oct 22': None, 'Oct 23': None, 'Sep 22': None, 'Sep 23': None}
Mercedes-Benz|GLB|{'Aug 22': None, 'Aug 23': None, 'Dec 22': None, 'Dec 23': None, 'Feb 23': None, 'Feb 24': None, 'Jan 23': None, 'Jan 24': None, 'Jul 22': None, 'Jul 23': None, 'Jun 22': None, 'Jun 23': None, 'Mar 23': None, 'Mar 24': None, 'May 22': None, 'May 23': None, 'Nov 22': None, 'Nov 23': None, 'Oct 22': None, 'Oct 23': None, 'Sep 22': None, 'Sep 23': None}
Mercedes-Benz|AMG E 53 Cabriolet|{'Aug 22': None, 'Aug 23': None, 'Dec 22': None, 'Dec 23': None, 'Feb 23': None, 'Feb 24': None, 'Jan 23': None, 'Jan 24': None, 'Jul 22': None, 'Jul 23': None, 'Jun 22': None, 'Jun 23': None, 'Mar 23': None, 'Mar 24': None, 'May 22': None, 'May 23': None, 'Nov 22': None, 'Nov 23': None, 'Oct 22': None, 'Oct 23': None, 'Sep 22': None, 'Sep 23': None}
Mercedes-Benz|GLC Coupe|{'Aug 22': None, 'Aug 23': None, 'Dec 22': None, 'Dec 23': None, 'Feb 23': None, 'Feb 24': None, 'Jan 23': None, 'Jan 24': None, 'Jul 22': None, 'Jul 23': None, 'Jun 22': None, 'Jun 23': None, 'Mar 23': None, 'Mar 24': None, 'May 22': None, 'May 23': None, 'Nov 22': None, 'Nov 23': None, 'Oct 22': None, 'Oct 23': None, 'Sep 22': None, 'Sep 23': None}
Aston Martin|Vantage|{'Aug 22': None, 'Aug 23': None, 'Dec 22': None, 'Dec 23': None, 'Feb 23': None, 'Feb 24': None, 'Jan 23': None, 'Jan 24': None, 'Jul 22': None, 'Jul 23': None, 'Jun 22': None, 'Jun 23': None, 'Mar 23': None, 'Mar 24': None, 'May 22': None, 'May 23': None, 'Nov 22': None, 'Nov 23': None, 'Oct 22': None, 'Oct 23': None, 'Sep 22': None, 'Sep 23': None}
Mercedes-Benz|AMG E 53|{'Aug 22': None, 'Aug 23': None, 'Dec 22': None, 'Dec 23': None, 'Feb 23': None, 'Feb 24': None, 'Jan 23': None, 'Jan 24': None, 'Jul 22': None, 'Jul 23': None, 'Jun 22': None, 'Jun 23': None, 'Mar 23': None, 'Mar 24': None, 'May 22': None, 'May 23': None, 'Nov 22': None, 'Nov 23': None, 'Oct 22': None, 'Oct 23': None, 'Sep 22': None, 'Sep 23': None}
Mercedes-Benz|AMG A 45 S|{'Aug 22': None, 'Aug 23': None, 'Dec 22': None, 'Dec 23': None, 'Feb 23': None, 'Feb 24': None, 'Jan 23': None, 'Jan 24': None, 'Jul 22': None, 'Jul 23': None, 'Jun 22': None, 'Jun 23': None, 'Mar 23': None, 'Mar 24': None, 'May 22': None, 'May 23': None, 'Nov 22': None, 'Nov 23': None, 'Oct 22': None, 'Oct 23': None, 'Sep 22': None, 'Sep 23': None}
Aston Martin|DB 12|{'Aug 22': None, 'Aug 23': None, 'Dec 22': None, 'Dec 23': None, 'Feb 23': None, 'Feb 24': None, 'Jan 23': None, 'Jan 24': None, 'Jul 22': None, 'Jul 23': None, 'Jun 22': None, 'Jun 23': None, 'Mar 23': None, 'Mar 24': None, 'May 22': None, 'May 23': None, 'Nov 22': None, 'Nov 23': None, 'Oct 22': None, 'Oct 23': None, 'Sep 22': None, 'Sep 23': None}
Mercedes-Benz|S Class|{'Aug 22': None, 'Aug 23': None, 'Dec 22': None, 'Dec 23': None, 'Feb 23': None, 'Feb 24': None, 'Jan 23': None, 'Jan 24': None, 'Jul 22': None, 'Jul 23': None, 'Jun 22': None, 'Jun 23': None, 'Mar 23': None, 'Mar 24': None, 'May 22': None, 'May 23': None, 'Nov 22': None, 'Nov 23': None, 'Oct 22': None, 'Oct 23': None, 'Sep 22': None, 'Sep 23': None}
Pravaig|Defy|{'Aug 22': None, 'Aug 23': None, 'Dec 22': None, 'Dec 23': None, 'Feb 23': None, 'Feb 24': None, 'Jan 23': None, 'Jan 24': None, 'Jul 22': None, 'Jul 23': None, 'Jun 22': None, 'Jun 23': None, 'Mar 23': None, 'Mar 24': None, 'May 22': None, 'May 23': None, 'Nov 22': None, 'Nov 23': None, 'Oct 22': None, 'Oct 23': None, 'Sep 22': None, 'Sep 23': None}
Mercedes-Benz|EQS|{'Aug 22': None, 'Aug 23': None, 'Dec 22': None, 'Dec 23': None, 'Feb 23': None, 'Feb 24': None, 'Jan 23': None, 'Jan 24': None, 'Jul 22': None, 'Jul 23': None, 'Jun 22': None, 'Jun 23': None, 'Mar 23': None, 'Mar 24': None, 'May 22': None, 'May 23': None, 'Nov 22': None, 'Nov 23': None, 'Oct 22': None, 'Oct 23': None, 'Sep 22': None, 'Sep 23': None}
Mercedes-Benz|AMG GLE 53 Coupe|{'Aug 22': None, 'Aug 23': None, 'Dec 22': None, 'Dec 23': None, 'Feb 23': None, 'Feb 24': None, 'Jan 23': None, 'Jan 24': None, 'Jul 22': None, 'Jul 23': None, 'Jun 22': None, 'Jun 23': None, 'Mar 23': None, 'Mar 24': None, 'May 22': None, 'May 23': None, 'Nov 22': None, 'Nov 23': None, 'Oct 22': None, 'Oct 23': None, 'Sep 22': None, 'Sep 23': None}
Mercedes-Benz|AMG GLC 43|{'Aug 22': None, 'Aug 23': None, 'Dec 22': None, 'Dec 23': None, 'Feb 23': None, 'Feb 24': None, 'Jan 23': None, 'Jan 24': None, 'Jul 22': None, 'Jul 23': None, 'Jun 22': None, 'Jun 23': None, 'Mar 23': None, 'Mar 24': None, 'May 22': None, 'May 23': None, 'Nov 22': None, 'Nov 23': None, 'Oct 22': None, 'Oct 23': None, 'Sep 22': None, 'Sep 23': None}
Bajaj|Qute (RE60)|{'Aug 22': None, 'Aug 23': None, 'Dec 22': None, 'Dec 23': None, 'Feb 23': None, 'Feb 24': None, 'Jan 23': None, 'Jan 24': None, 'Jul 22': None, 'Jul 23': None, 'Jun 22': None, 'Jun 23': None, 'Mar 23': None, 'Mar 24': None, 'May 22': None, 'May 23': None, 'Nov 22': None, 'Nov 23': None, 'Oct 22': None, 'Oct 23': None, 'Sep 22': None, 'Sep 23': None}
Strom Motors|R3|{'Aug 22': None, 'Aug 23': None, 'Dec 22': None, 'Dec 23': None, 'Feb 23': None, 'Feb 24': None, 'Jan 23': None, 'Jan 24': None, 'Jul 22': None, 'Jul 23': None, 'Jun 22': None, 'Jun 23': None, 'Mar 23': None, 'Mar 24': None, 'May 22': None, 'May 23': None, 'Nov 22': None, 'Nov 23': None, 'Oct 22': None, 'Oct 23': None, 'Sep 22': None, 'Sep 23': None}
Bentley|Bentayga|{'Aug 22': None, 'Aug 23': None, 'Dec 22': None, 'Dec 23': None, 'Feb 23': None, 'Feb 24': None, 'Jan 23': None, 'Jan 24': None, 'Jul 22': None, 'Jul 23': None, 'Jun 22': None, 'Jun 23': None, 'Mar 23': None, 'Mar 24': None, 'May 22': None, 'May 23': None, 'Nov 22': None, 'Nov 23': None, 'Oct 22': None, 'Oct 23': None, 'Sep 22': None, 'Sep 23': None}
Porsche|911|{'Aug 22': None, 'Aug 23': None, 'Dec 22': None, 'Dec 23': None, 'Feb 23': None, 'Feb 24': None, 'Jan 23': None, 'Jan 24': None, 'Jul 22': None, 'Jul 23': None, 'Jun 22': None, 'Jun 23': None, 'Mar 23': None, 'Mar 24': None, 'May 22': None, 'May 23': None, 'Nov 22': None, 'Nov 23': None, 'Oct 22': None, 'Oct 23': None, 'Sep 22': None, 'Sep 23': None}
Audi|A6|{'Aug 22': None, 'Aug 23': None, 'Dec 22': None, 'Dec 23': None, 'Feb 23': None, 'Feb 24': None, 'Jan 23': None, 'Jan 24': None, 'Jul 22': None, 'Jul 23': None, 'Jun 22': None, 'Jun 23': None, 'Mar 23': None, 'Mar 24': None, 'May 22': None, 'May 23': None, 'Nov 22': None, 'Nov 23': None, 'Oct 22': None, 'Oct 23': None, 'Sep 22': None, 'Sep 23': None}
Mercedes-Benz|EQB|{'Aug 22': None, 'Aug 23': None, 'Dec 22': None, 'Dec 23': None, 'Feb 23': None, 'Feb 24': None, 'Jan 23': None, 'Jan 24': None, 'Jul 22': None, 'Jul 23': None, 'Jun 22': None, 'Jun 23': None, 'Mar 23': None, 'Mar 24': None, 'May 22': None, 'May 23': None, 'Nov 22': None, 'Nov 23': None, 'Oct 22': None, 'Oct 23': None, 'Sep 22': None, 'Sep 23': None}
Volkswagen|Taigun|{'Aug 22': 1019, 'Aug 23': 1943, 'Dec 22': 2691, 'Dec 23': 2456, 'Feb 23': 1657, 'Feb 24': 1286, 'Jan 23': 1455, 'Jan 24': 1275, 'Jul 22': 1408, 'Jul 23': 1908, 'Jun 22': 1327, 'Jun 23': 1449, 'Mar 23': 1976, 'Mar 24': 1588, 'May 22': 1268, 'May 23': 1484, 'Nov 22': 1979, 'Nov 23': 1771, 'Oct 22': 2355, 'Oct 23': 2219, 'Sep 22': 1994, 'Sep 23': 1586}
Citroen|C3 Aircross|{'Aug 22': 0, 'Aug 23': 51, 'Dec 22': 0, 'Dec 23': 339, 'Feb 23': 0, 'Feb 24': 127, 'Jan 23': 0, 'Jan 24': 231, 'Jul 22': None, 'Jul 23': None, 'Jun 22': None, 'Jun 23': None, 'Mar 23': 0, 'Mar 24': 211, 'May 22': None, 'May 23': None, 'Nov 22': 21, 'Nov 23': 5, 'Oct 22': 0, 'Oct 23': 224, 'Sep 22': 0, 'Sep 23': 400}
BYD Auto|E6 Electric|{'Aug 22': None, 'Aug 23': None, 'Dec 22': None, 'Dec 23': None, 'Feb 23': None, 'Feb 24': None, 'Jan 23': None, 'Jan 24': None, 'Jul 22': None, 'Jul 23': None, 'Jun 22': None, 'Jun 23': None, 'Mar 23': None, 'Mar 24': None, 'May 22': None, 'May 23': None, 'Nov 22': None, 'Nov 23': None, 'Oct 22': None, 'Oct 23': None, 'Sep 22': None, 'Sep 23': None}
Mercedes-Benz|AMG E 63|{'Aug 22': None, 'Aug 23': None, 'Dec 22': None, 'Dec 23': None, 'Feb 23': None, 'Feb 24': None, 'Jan 23': None, 'Jan 24': None, 'Jul 22': None, 'Jul 23': None, 'Jun 22': None, 'Jun 23': None, 'Mar 23': None, 'Mar 24': None, 'May 22': None, 'May 23': None, 'Nov 22': None, 'Nov 23': None, 'Oct 22': None, 'Oct 23': None, 'Sep 22': None, 'Sep 23': None}
Mclaren|720S|{'Aug 22': None, 'Aug 23': None, 'Dec 22': None, 'Dec 23': None, 'Feb 23': None, 'Feb 24': None, 'Jan 23': None, 'Jan 24': None, 'Jul 22': None, 'Jul 23': None, 'Jun 22': None, 'Jun 23': None, 'Mar 23': None, 'Mar 24': None, 'May 22': None, 'May 23': None, 'Nov 22': None, 'Nov 23': None, 'Oct 22': None, 'Oct 23': None, 'Sep 22': None, 'Sep 23': None}
Mercedes-Benz|EQE|{'Aug 22': None, 'Aug 23': None, 'Dec 22': None, 'Dec 23': None, 'Feb 23': None, 'Feb 24': None, 'Jan 23': None, 'Jan 24': None, 'Jul 22': None, 'Jul 23': None, 'Jun 22': None, 'Jun 23': None, 'Mar 23': None, 'Mar 24': None, 'May 22': None, 'May 23': None, 'Nov 22': None, 'Nov 23': None, 'Oct 22': None, 'Oct 23': None, 'Sep 22': None, 'Sep 23': None}
Tata|Nexon|{'Aug 22': 15085, 'Aug 23': 8049, 'Dec 22': 12053, 'Dec 23': 15284, 'Feb 23': 13914, 'Feb 24': 14395, 'Jan 23': 15567, 'Jan 24': 17182, 'Jul 22': 14214, 'Jul 23': 12349, 'Jun 22': 14295, 'Jun 23': 13827, 'Mar 23': 14769, 'Mar 24': 14058, 'May 22': 14614, 'May 23': 14423, 'Nov 22': 15871, 'Nov 23': 14916, 'Oct 22': 13767, 'Oct 23': 16887, 'Sep 22': 14518, 'Sep 23': 15325}
Renault|Kwid|{'Aug 22': 1704, 'Aug 23': 883, 'Dec 22': 1827, 'Dec 23': 457, 'Feb 23': 1758, 'Feb 24': 828, 'Jan 23': 59, 'Jan 24': 856, 'Jul 22': 1329, 'Jul 23': 762, 'Jun 22': 2560, 'Jun 23': 1349, 'Mar 23': 1283, 'Mar 24': 928, 'May 22': 1520, 'May 23': 797, 'Nov 22': 1497, 'Nov 23': 610, 'Oct 22': 1894, 'Oct 23': 869, 'Sep 22': 2001, 'Sep 23': 747}
Audi|RS E-Tron GT|{'Aug 22': None, 'Aug 23': None, 'Dec 22': None, 'Dec 23': None, 'Feb 23': None, 'Feb 24': None, 'Jan 23': None, 'Jan 24': None, 'Jul 22': None, 'Jul 23': None, 'Jun 22': None, 'Jun 23': None, 'Mar 23': None, 'Mar 24': None, 'May 22': None, 'May 23': None, 'Nov 22': None, 'Nov 23': None, 'Oct 22': None, 'Oct 23': None, 'Sep 22': None, 'Sep 23': None}
Audi|E-Tron GT|{'Aug 22': None, 'Aug 23': None, 'Dec 22': None, 'Dec 23': None, 'Feb 23': None, 'Feb 24': None, 'Jan 23': None, 'Jan 24': None, 'Jul 22': None, 'Jul 23': None, 'Jun 22': None, 'Jun 23': None, 'Mar 23': None, 'Mar 24': None, 'May 22': None, 'May 23': None, 'Nov 22': None, 'Nov 23': None, 'Oct 22': None, 'Oct 23': None, 'Sep 22': None, 'Sep 23': None}
